评论页码,评论内容,IP属地,性别,评论时间,点赞数,主评论
1,自律实际是一个欲望压制其他欲望,广西,男,2023-09-19 07:23:34,1564,True
1,精辟,江苏,男,2023-09-19 09:16:57,10,False
1,回复 @SCREENShoots :自从我健身一年瘦了40斤后我明白一个道理，没有自律的自由那是放纵，只有源自于自律的自由才是真正的自由。,福建,男,2023-09-20 06:35:17,8,False
1,我觉得自律应该是一种内心自由的外在表现,浙江,,2023-09-19 23:09:57,8,False
1,"自律万能公式：
1.只关注小目标；
2.强制自己执行，很痛苦也要坚持，不要被情绪所打败；
3.永远闭环，一定要完成，从小目标着手去做，不要关注过于宏大的东西；
4.提升自我效能套路，不断学习精进，从而获得爽感成就感，才能让自己更好的坚持；
5.发现自己的厉害之处，不断夸自己给自己积极暗示和正反馈，参考马太效应；
6.达到成就后一定要奖励自己，形成正向的循环🔄。
以上六步照做可以让我们不断的形成自律的习惯，情绪其实是我们最大的对手，一定要让自己持续努力，迎难而上，反人性，并且坚持，才能成功。
最近对博主说的没有反馈很难坚持是最难受的，深有体会，目前在复习考研，已经坚持了三个月了，一直没有什么积极的反馈，快绷不住了，摆烂好几天，有什么方法可以让自己状态恢复，坚持到最后一天？[大哭]",陕西,女,2023-09-17 15:44:59,1959,True
1,[doge]自律第一步 停止奖励自己，成功坚持两天 自律成功，奖励自己一次,江苏,男,2023-09-18 08:48:55,72,False
1,"运动吧，不需要太激烈，就散步散步别太激烈，每天花出30分钟就到处转，精神差状态就早上散步晒晒太阳，不自信容易内耗就晚上散步放松放松。
前段时间哥们状态无敌，晚上最迟11点睡，早上最晚7点起，前几天降温受凉一下子回到大学熬夜习惯，所以一个好的身体真的很重要 。
所以我建议你去散步，人最好的精神状态是平，因为过烈过沉都太耗精力了，时不时的运动对身体真的很重要。",江苏,男,2023-09-17 18:11:02,28,False
1,你不都已经总结出来了吗？咬牙坚持做难而正确的事,广东,男,2023-09-17 16:02:11,6,False
1,"，自律万能公式：
1.只关注小目标；
2.强制自己执行，很痛苦也要坚持，不要被情绪所打败；
3.永远闭环，一定要完成，从小目标着手去做，不要关注过于宏大的东西；
4.提升自我效能套路，不断学习精进，从而获得爽感成就感，才能让自己更好的坚持；
5.发现自己的厉害之处，不断夸自己给自己积极暗示和正反馈，参考马太效应；
6.达到成就后一定要奖励自己，形成正向的循环🔄。
以上六步照做可以让我们不断的形成自律的习惯，情绪其实是我们最大的对手，一定要让自己持续努力，迎难而上，反人性，并且坚持，才能成功。
最近对博主说的没有反馈很难坚持是最难受的，深有体会，目前在复习考研，已经坚持了三个月了，一直没有什么积极的反馈，快绷不住了，摆烂好几天，有什么方法可以让自己状态恢复，坚持到最后一天？[大哭]",安徽,,2023-09-19 13:46:57,169,True
1,奖励自己,河南,,2023-09-19 18:54:12,1,False
1,[2023],广东,男,2023-09-20 09:32:35,0,False
1,想想体力从业者,上海,,2023-09-19 21:20:19,0,False
1,穷人想翻身，就要靠革命，阶级斗争不能忘！,辽宁,男,2023-09-19 08:42:11,51,True
1,穷人想翻身只能靠机会，这个机会就跟买彩票一样，别妄想自律就能翻身,陕西,男,2023-09-19 12:43:27,2,False
1,我上一个账号也说了类似的话，然后新号都六级了,山东,,2023-09-20 11:42:22,0,False
1,就是和打地主分土地一样，不然永远穷下去，看看刘邦和朱元璋都是靠什么起家的，就是靠推翻阶级起来的，不然一辈子都是混混和乞丐,安徽,男,2023-09-19 21:39:03,0,False
1,穷人唯二逆袭的方式：跟你一样发这类视频。就完事了,广东,,2023-09-19 11:57:07,49,True
1,说实话稍微看过点自控力这种类型的书。就知道up主是把很多书的内容糅杂在一起啦,河北,,2023-09-22 18:13:24,0,False
1,想成功先摆摊，当乞丐，服务员，明白社会运行规则你不经历过看电视电影东西永远不属于你,广西,,2023-09-20 01:13:16,0,False
1,up就是靠忽悠原生家庭不好的人赚钱的，这些东西很难克服的，软件重装你以为是电脑，电脑也要考虑兼容性[滑稽],江西,,2023-09-19 07:22:41,62,True
1,确实，我一看标题就知道是靠写这些破玩意收割流量赚钱，和以前的知乎一模一样,广东,,2023-09-19 07:41:19,8,False
1,回复 @哒_Ra :他每期视频都发自律相关，纯纯车轱辘话,上海,男,2023-09-19 09:21:17,3,False
1,回复 @哒_Ra :成功的关键是兴趣爱好，其它的都在扯淡，制造焦虑。这些鸡汤的核心就是制作更多焦虑，自律需要内啡肽，多巴胺奖励的，强行自律就会更焦虑抑郁。我很懒但是天天能早起跑路这不是自律，是跑步内啡肽，多巴胺奖励我。这关自律屁事[呲牙],江西,,2023-09-19 10:02:00,2,False
1,作为底层耗材，如果我不去做社会运转的齿轮我就会饿死，这世界不会对我有任何怜悯，所以说我也不需要，但是为了生存，我只能把所有的时间用在活下去这件事上，与其说是我错了，不如说我没有时间做对的事,山东,,2023-09-17 18:09:31,396,True
1,什么阶层说什么样的话，up 这个阶层说up 这样的话，你这个阶层说你这样的话，这本身是没什么问题。然而，up若要将自己阶层的话放大到别的阶层，那么这就会产生问题了，因为不同阶层的差别比不同地域的差别还大，无视阶层差别强推思维观念就跟无视地域文化强推普世价值一样，只会水土不服。[吃瓜],广东,,2023-09-19 03:48:15,89,False
1,本来就是，这个世界就是要有极大量的穷人去成就富人，既然成为不了富人，何苦折磨自己，该干嘛干嘛，人就一生几十岁,云南,,2023-09-19 07:54:16,16,False
1,[doge]工地打灰，早六晚六，一下班累的胳膊都不想抬，哪里还想动。,江苏,男,2023-09-19 08:17:51,9,False
1,说实话，所谓的自律，根本就反人性，但不自律很放纵自己，生活不会有好结果，所以还是要控制自己，多做对自己有好处的事，尽可能发挥自己的天赋，或是做自己感兴趣的东西,广东,,2023-09-19 21:05:22,6,True
1,"我最自律的就是不自律
这是哲学吗？",云南,,2023-09-19 17:27:42,6,True
1,点进来只是想说，也许应该先给穷人下一个定义，再给逆袭下一个定义。,吉林,女,2023-09-19 11:01:16,9,True
1,自律的up没有尝试练好普通话吗,江苏,男,2023-09-19 13:12:38,8,True
1,实践告诉你，每天5公里，除非你有强大的医疗团队，不然膝盖多半会废[doge],湖北,,2023-09-18 07:19:00,104,True
1,回复 @狂男2022 :建议看下跑步运动员晚年[doge],湖南,男,2023-09-19 04:51:34,9,False
1,回复 @狂男2022 :多在网上学学怎么科学锻炼，不是所有的锻炼都要跑步,河北,男,2023-09-19 06:28:19,3,False
1,"回复 @狂男2022 :别本末倒置就行了了，运动的目的是为了身体健康，而不是为了运动牺牲身体健康。
每天运动40-60分钟，以身体舒服，微微出汗为主，不然要去医院康复花的时间金钱得不偿失",广西,,2023-09-19 08:40:52,2,False
1,毒鸡汤滚出我的b站毒鸡汤滚出我的b站毒鸡汤滚出我的b站毒鸡汤滚出我的b站毒鸡汤滚出我的b站毒鸡汤滚出我的b站毒鸡汤滚出我的b站毒鸡汤滚出我的b站毒鸡汤滚出我的b站毒鸡汤滚出我的b站毒鸡汤滚出我的b站毒鸡汤滚出我的b站毒鸡汤滚出我的b站毒鸡汤滚出我的b站毒鸡汤滚出我的b站毒鸡汤滚出我的b站毒鸡汤滚出我的b站毒鸡汤滚出我的b站毒鸡汤滚出我的b站毒鸡汤滚出我的b站毒鸡汤滚出我的b站毒鸡汤滚出我的b站毒鸡汤滚出我的b站毒鸡汤滚出我的b站毒鸡汤滚出我的b站毒鸡汤滚出我的b站毒鸡汤滚出我的b站毒鸡汤滚出我的b站毒鸡汤滚出我的b站毒鸡汤滚出我的b站毒鸡汤滚出我的b站毒鸡汤滚出我的b站毒鸡汤滚出我的b站毒鸡汤滚出我的b站毒鸡汤滚出我的b站毒鸡汤滚出我的b站毒鸡汤滚出我的b站毒鸡汤滚出我的b站毒鸡汤滚出我的b站毒鸡汤滚出我的b站毒鸡汤滚出我的b站毒鸡汤滚出我的b站毒鸡汤滚出我的b站毒鸡汤滚出我的b站毒鸡汤滚出我的b站毒鸡汤滚出我的b站毒鸡汤滚出我的b站毒鸡汤滚出我的b站毒鸡汤滚出我的b站毒鸡汤滚出我的b站毒鸡汤滚出我的b站毒鸡汤滚出我的b站毒鸡汤滚出我的b站毒鸡汤滚出我的b站毒鸡汤滚出我的b站毒鸡汤滚出我的b站毒鸡汤滚出我的b站毒鸡汤滚出我的b站毒鸡汤滚出我的b站毒鸡汤滚出我的b站毒鸡汤滚出我的b站毒鸡汤滚出我的b站毒鸡汤滚出我的b站,日本,,2023-09-19 09:32:42,31,True
1,支持[无语][无语][无语],河南,,2023-09-19 10:22:02,0,False
1,唯一途径就是弱肉强食，去坑更sha的，例如你们,湖北,,2023-09-19 02:28:02,21,True
1,又是你，天天给学生和穷人灌毒鸡汤。朝阳冬泳怪鸽一年四季每天游泳，我非常佩服，我也觉得怪鸽是成功的。但是怪鸽的“成功”真的是大多数人追求的“成功”吗？你愿意过怪鸽一样的生活吗？大多数人追求的有钱，挣钱最需要的能力不是自律，甚至更自律一点关系也没有。我看到的身边挣到大钱的善于把握机会，整合资源的能力很强，会营销。如果up你真的相信你所说的，那么你真的错了。对大多数人来说，靠自律逆袭不了。,重庆,,2023-09-19 09:05:18,21,True
1,补充一点，我并不反对自律。但是毒鸡汤之所以是毒鸡汤，就是片面夸大某一个方面的作用，比如up所谓逆袭，以为只要自己自律了，就一定能怎么样。这种极端的思维是有害的，这不是正确的认识。,重庆,,2023-09-19 11:48:33,1,False
1,标题太极端了，不自律也能逆袭的，不要太在意这些,广东,,2023-09-19 12:40:30,5,True
1,一堆屁话，好好卖你的书给那些需要鸡汤的人喝，反正他们喝了也没毛用，我就很明确的告诉你，跨越阶级就是需要人帮忙，就是需要运气，自律自律，有个毛用，你是不是真的认为那些富人是靠自律有钱的？你先自己跨越阶级再来教导别人嗷,云南,,2023-09-19 07:48:17,38,True
1,我有资格说这种话，我爸在杭州不算数特别有钱也不差，算中偏上水平的家庭，居然相信一个卖成功学的家伙，无法就是想卖书，和那些听懂掌声有什么区别,云南,,2023-09-19 07:50:00,7,False
1,我接触到的有钱人不比你少，我可以很明确的告诉你，富人自律只有锻炼身体,云南,,2023-09-19 07:51:55,6,False
1,成功学不就是给人洗脑么,河南,男,2023-09-19 08:12:21,1,False
1,简单的道理反复说，还想用这个来做付费……某些群体的钱也太好挣了,重庆,男,2023-09-19 04:46:19,19,True
1,有受众的呀，，不收费就过滤不了咱们嘲讽老师的人,浙江,男,2023-09-19 06:49:10,2,False
1,信这些这些二十年的的成功论，真不好说是不是活该,湖南,男,2023-09-19 06:29:55,1,False
1,我也想说…我还以为是啥呢…就这还想收费我的妈呀…,未知,女,2023-09-22 16:49:22,0,False
1,惰性很难改变的，这个是骨子里的，就和人不能一直无休止工作下去，人会累，精神和大脑也会累，我对于自律的实践是：最大的自律不是刷视频学方法，先从早睡早起和戒掉手机开始。,河南,,2023-09-19 17:56:28,3,True
1,"有赞同也有异议。
结合最近读的一本书又有了一点感悟：
0.以终为始。凡事都应该有个最终目标，这样努力的过程才不容易迷死方向，不会浪费时间到其他的事情上。
1.积极主动。不要犹豫不决，放手去尝试。你犹豫不决的时间里，就能去完成很多事。可能去做了但不对，但总比碌碌无为好，失败也是一种经验。
2.化繁为简。强迫自己，可以从很小的事开始。万事开头难，要学会把事拆分成每个小目标，做这件事的开始是什么开始后干什么，干完后又要干什么。例如up所提起床：掀开被子→坐起来→穿鞋……。
3.要事第一。先做主要的事情。做完后可以像up一样奖励自己。例如学习，人的专注力大约在一个1h左右，你就可以先学一个小时左右，然奖励自己10min左右单纯休息干自己平时喜欢干的（听音乐打游戏刷视频…）。
4.不要设限。多鼓励自己，不要给自己贴标签，也不要被别人贴标签。人的潜力无限相信自己，至少勇敢活出自己。up提到的比较方法因人而异，适合自己的才是最好。可以和自己比较，也可以和他人比较，不要陷入逻辑谬误和思想漩涡（内耗）就好。比较的目的是不断提升自我，而不是比较本身，不要舍本逐末。就像论语里的“见贤思齐焉，见不贤而内自省”。
5.平时多做些运动。跳绳慢跑冥想瑜伽……你又不是运动员没必要练废自己，而是为了保持身心健康。
……

参考书籍：
《高效能人士的七个习惯》
《被讨厌的勇气》
《伯恩斯新情绪疗法》
《逻辑精点》

欢迎大家补充指正",贵州,,2023-09-19 11:55:21,16,True
1,勇敢活出自己，没那么多人关注你，就算关注了那又如何？,贵州,,2023-09-19 11:57:14,1,False
2,自律实际是一个欲望压制其他欲望,广西,男,2023-09-19 07:23:34,1564,True
2,精辟,江苏,男,2023-09-19 09:16:57,10,False
2,回复 @SCREENShoots :自从我健身一年瘦了40斤后我明白一个道理，没有自律的自由那是放纵，只有源自于自律的自由才是真正的自由。,福建,男,2023-09-20 06:35:17,8,False
2,我觉得自律应该是一种内心自由的外在表现,浙江,,2023-09-19 23:09:57,8,False
2,"自律万能公式：
1.只关注小目标；
2.强制自己执行，很痛苦也要坚持，不要被情绪所打败；
3.永远闭环，一定要完成，从小目标着手去做，不要关注过于宏大的东西；
4.提升自我效能套路，不断学习精进，从而获得爽感成就感，才能让自己更好的坚持；
5.发现自己的厉害之处，不断夸自己给自己积极暗示和正反馈，参考马太效应；
6.达到成就后一定要奖励自己，形成正向的循环🔄。
以上六步照做可以让我们不断的形成自律的习惯，情绪其实是我们最大的对手，一定要让自己持续努力，迎难而上，反人性，并且坚持，才能成功。
最近对博主说的没有反馈很难坚持是最难受的，深有体会，目前在复习考研，已经坚持了三个月了，一直没有什么积极的反馈，快绷不住了，摆烂好几天，有什么方法可以让自己状态恢复，坚持到最后一天？[大哭]",陕西,女,2023-09-17 15:44:59,1959,True
2,[doge]自律第一步 停止奖励自己，成功坚持两天 自律成功，奖励自己一次,江苏,男,2023-09-18 08:48:55,72,False
2,"运动吧，不需要太激烈，就散步散步别太激烈，每天花出30分钟就到处转，精神差状态就早上散步晒晒太阳，不自信容易内耗就晚上散步放松放松。
前段时间哥们状态无敌，晚上最迟11点睡，早上最晚7点起，前几天降温受凉一下子回到大学熬夜习惯，所以一个好的身体真的很重要 。
所以我建议你去散步，人最好的精神状态是平，因为过烈过沉都太耗精力了，时不时的运动对身体真的很重要。",江苏,男,2023-09-17 18:11:02,28,False
2,你不都已经总结出来了吗？咬牙坚持做难而正确的事,广东,男,2023-09-17 16:02:11,6,False
2,"，自律万能公式：
1.只关注小目标；
2.强制自己执行，很痛苦也要坚持，不要被情绪所打败；
3.永远闭环，一定要完成，从小目标着手去做，不要关注过于宏大的东西；
4.提升自我效能套路，不断学习精进，从而获得爽感成就感，才能让自己更好的坚持；
5.发现自己的厉害之处，不断夸自己给自己积极暗示和正反馈，参考马太效应；
6.达到成就后一定要奖励自己，形成正向的循环🔄。
以上六步照做可以让我们不断的形成自律的习惯，情绪其实是我们最大的对手，一定要让自己持续努力，迎难而上，反人性，并且坚持，才能成功。
最近对博主说的没有反馈很难坚持是最难受的，深有体会，目前在复习考研，已经坚持了三个月了，一直没有什么积极的反馈，快绷不住了，摆烂好几天，有什么方法可以让自己状态恢复，坚持到最后一天？[大哭]",安徽,,2023-09-19 13:46:57,169,True
2,奖励自己,河南,,2023-09-19 18:54:12,1,False
2,[2023],广东,男,2023-09-20 09:32:35,0,False
2,想想体力从业者,上海,,2023-09-19 21:20:19,0,False
2,穷人想翻身，就要靠革命，阶级斗争不能忘！,辽宁,男,2023-09-19 08:42:11,51,True
2,穷人想翻身只能靠机会，这个机会就跟买彩票一样，别妄想自律就能翻身,陕西,男,2023-09-19 12:43:27,2,False
2,我上一个账号也说了类似的话，然后新号都六级了,山东,,2023-09-20 11:42:22,0,False
2,就是和打地主分土地一样，不然永远穷下去，看看刘邦和朱元璋都是靠什么起家的，就是靠推翻阶级起来的，不然一辈子都是混混和乞丐,安徽,男,2023-09-19 21:39:03,0,False
2,穷人唯二逆袭的方式：跟你一样发这类视频。就完事了,广东,,2023-09-19 11:57:07,49,True
2,说实话稍微看过点自控力这种类型的书。就知道up主是把很多书的内容糅杂在一起啦,河北,,2023-09-22 18:13:24,0,False
2,想成功先摆摊，当乞丐，服务员，明白社会运行规则你不经历过看电视电影东西永远不属于你,广西,,2023-09-20 01:13:16,0,False
2,up就是靠忽悠原生家庭不好的人赚钱的，这些东西很难克服的，软件重装你以为是电脑，电脑也要考虑兼容性[滑稽],江西,,2023-09-19 07:22:41,62,True
2,确实，我一看标题就知道是靠写这些破玩意收割流量赚钱，和以前的知乎一模一样,广东,,2023-09-19 07:41:19,8,False
2,回复 @哒_Ra :他每期视频都发自律相关，纯纯车轱辘话,上海,男,2023-09-19 09:21:17,3,False
2,回复 @哒_Ra :成功的关键是兴趣爱好，其它的都在扯淡，制造焦虑。这些鸡汤的核心就是制作更多焦虑，自律需要内啡肽，多巴胺奖励的，强行自律就会更焦虑抑郁。我很懒但是天天能早起跑路这不是自律，是跑步内啡肽，多巴胺奖励我。这关自律屁事[呲牙],江西,,2023-09-19 10:02:00,2,False
2,作为底层耗材，如果我不去做社会运转的齿轮我就会饿死，这世界不会对我有任何怜悯，所以说我也不需要，但是为了生存，我只能把所有的时间用在活下去这件事上，与其说是我错了，不如说我没有时间做对的事,山东,,2023-09-17 18:09:31,396,True
2,什么阶层说什么样的话，up 这个阶层说up 这样的话，你这个阶层说你这样的话，这本身是没什么问题。然而，up若要将自己阶层的话放大到别的阶层，那么这就会产生问题了，因为不同阶层的差别比不同地域的差别还大，无视阶层差别强推思维观念就跟无视地域文化强推普世价值一样，只会水土不服。[吃瓜],广东,,2023-09-19 03:48:15,89,False
2,本来就是，这个世界就是要有极大量的穷人去成就富人，既然成为不了富人，何苦折磨自己，该干嘛干嘛，人就一生几十岁,云南,,2023-09-19 07:54:16,16,False
2,[doge]工地打灰，早六晚六，一下班累的胳膊都不想抬，哪里还想动。,江苏,男,2023-09-19 08:17:51,9,False
2,说实话，所谓的自律，根本就反人性，但不自律很放纵自己，生活不会有好结果，所以还是要控制自己，多做对自己有好处的事，尽可能发挥自己的天赋，或是做自己感兴趣的东西,广东,,2023-09-19 21:05:22,6,True
2,"我最自律的就是不自律
这是哲学吗？",云南,,2023-09-19 17:27:42,6,True
2,点进来只是想说，也许应该先给穷人下一个定义，再给逆袭下一个定义。,吉林,女,2023-09-19 11:01:16,9,True
2,自律的up没有尝试练好普通话吗,江苏,男,2023-09-19 13:12:38,8,True
2,实践告诉你，每天5公里，除非你有强大的医疗团队，不然膝盖多半会废[doge],湖北,,2023-09-18 07:19:00,104,True
2,回复 @狂男2022 :建议看下跑步运动员晚年[doge],湖南,男,2023-09-19 04:51:34,9,False
2,回复 @狂男2022 :多在网上学学怎么科学锻炼，不是所有的锻炼都要跑步,河北,男,2023-09-19 06:28:19,3,False
2,"回复 @狂男2022 :别本末倒置就行了了，运动的目的是为了身体健康，而不是为了运动牺牲身体健康。
每天运动40-60分钟，以身体舒服，微微出汗为主，不然要去医院康复花的时间金钱得不偿失",广西,,2023-09-19 08:40:52,2,False
2,毒鸡汤滚出我的b站毒鸡汤滚出我的b站毒鸡汤滚出我的b站毒鸡汤滚出我的b站毒鸡汤滚出我的b站毒鸡汤滚出我的b站毒鸡汤滚出我的b站毒鸡汤滚出我的b站毒鸡汤滚出我的b站毒鸡汤滚出我的b站毒鸡汤滚出我的b站毒鸡汤滚出我的b站毒鸡汤滚出我的b站毒鸡汤滚出我的b站毒鸡汤滚出我的b站毒鸡汤滚出我的b站毒鸡汤滚出我的b站毒鸡汤滚出我的b站毒鸡汤滚出我的b站毒鸡汤滚出我的b站毒鸡汤滚出我的b站毒鸡汤滚出我的b站毒鸡汤滚出我的b站毒鸡汤滚出我的b站毒鸡汤滚出我的b站毒鸡汤滚出我的b站毒鸡汤滚出我的b站毒鸡汤滚出我的b站毒鸡汤滚出我的b站毒鸡汤滚出我的b站毒鸡汤滚出我的b站毒鸡汤滚出我的b站毒鸡汤滚出我的b站毒鸡汤滚出我的b站毒鸡汤滚出我的b站毒鸡汤滚出我的b站毒鸡汤滚出我的b站毒鸡汤滚出我的b站毒鸡汤滚出我的b站毒鸡汤滚出我的b站毒鸡汤滚出我的b站毒鸡汤滚出我的b站毒鸡汤滚出我的b站毒鸡汤滚出我的b站毒鸡汤滚出我的b站毒鸡汤滚出我的b站毒鸡汤滚出我的b站毒鸡汤滚出我的b站毒鸡汤滚出我的b站毒鸡汤滚出我的b站毒鸡汤滚出我的b站毒鸡汤滚出我的b站毒鸡汤滚出我的b站毒鸡汤滚出我的b站毒鸡汤滚出我的b站毒鸡汤滚出我的b站毒鸡汤滚出我的b站毒鸡汤滚出我的b站毒鸡汤滚出我的b站毒鸡汤滚出我的b站毒鸡汤滚出我的b站毒鸡汤滚出我的b站毒鸡汤滚出我的b站,日本,,2023-09-19 09:32:42,31,True
2,支持[无语][无语][无语],河南,,2023-09-19 10:22:02,0,False
2,唯一途径就是弱肉强食，去坑更sha的，例如你们,湖北,,2023-09-19 02:28:02,21,True
2,又是你，天天给学生和穷人灌毒鸡汤。朝阳冬泳怪鸽一年四季每天游泳，我非常佩服，我也觉得怪鸽是成功的。但是怪鸽的“成功”真的是大多数人追求的“成功”吗？你愿意过怪鸽一样的生活吗？大多数人追求的有钱，挣钱最需要的能力不是自律，甚至更自律一点关系也没有。我看到的身边挣到大钱的善于把握机会，整合资源的能力很强，会营销。如果up你真的相信你所说的，那么你真的错了。对大多数人来说，靠自律逆袭不了。,重庆,,2023-09-19 09:05:18,21,True
2,补充一点，我并不反对自律。但是毒鸡汤之所以是毒鸡汤，就是片面夸大某一个方面的作用，比如up所谓逆袭，以为只要自己自律了，就一定能怎么样。这种极端的思维是有害的，这不是正确的认识。,重庆,,2023-09-19 11:48:33,1,False
2,标题太极端了，不自律也能逆袭的，不要太在意这些,广东,,2023-09-19 12:40:30,5,True
2,一堆屁话，好好卖你的书给那些需要鸡汤的人喝，反正他们喝了也没毛用，我就很明确的告诉你，跨越阶级就是需要人帮忙，就是需要运气，自律自律，有个毛用，你是不是真的认为那些富人是靠自律有钱的？你先自己跨越阶级再来教导别人嗷,云南,,2023-09-19 07:48:17,38,True
2,我有资格说这种话，我爸在杭州不算数特别有钱也不差，算中偏上水平的家庭，居然相信一个卖成功学的家伙，无法就是想卖书，和那些听懂掌声有什么区别,云南,,2023-09-19 07:50:00,7,False
2,我接触到的有钱人不比你少，我可以很明确的告诉你，富人自律只有锻炼身体,云南,,2023-09-19 07:51:55,6,False
2,成功学不就是给人洗脑么,河南,男,2023-09-19 08:12:21,1,False
2,简单的道理反复说，还想用这个来做付费……某些群体的钱也太好挣了,重庆,男,2023-09-19 04:46:19,19,True
2,有受众的呀，，不收费就过滤不了咱们嘲讽老师的人,浙江,男,2023-09-19 06:49:10,2,False
2,信这些这些二十年的的成功论，真不好说是不是活该,湖南,男,2023-09-19 06:29:55,1,False
2,我也想说…我还以为是啥呢…就这还想收费我的妈呀…,未知,女,2023-09-22 16:49:22,0,False
2,惰性很难改变的，这个是骨子里的，就和人不能一直无休止工作下去，人会累，精神和大脑也会累，我对于自律的实践是：最大的自律不是刷视频学方法，先从早睡早起和戒掉手机开始。,河南,,2023-09-19 17:56:28,3,True
2,"有赞同也有异议。
结合最近读的一本书又有了一点感悟：
0.以终为始。凡事都应该有个最终目标，这样努力的过程才不容易迷死方向，不会浪费时间到其他的事情上。
1.积极主动。不要犹豫不决，放手去尝试。你犹豫不决的时间里，就能去完成很多事。可能去做了但不对，但总比碌碌无为好，失败也是一种经验。
2.化繁为简。强迫自己，可以从很小的事开始。万事开头难，要学会把事拆分成每个小目标，做这件事的开始是什么开始后干什么，干完后又要干什么。例如up所提起床：掀开被子→坐起来→穿鞋……。
3.要事第一。先做主要的事情。做完后可以像up一样奖励自己。例如学习，人的专注力大约在一个1h左右，你就可以先学一个小时左右，然奖励自己10min左右单纯休息干自己平时喜欢干的（听音乐打游戏刷视频…）。
4.不要设限。多鼓励自己，不要给自己贴标签，也不要被别人贴标签。人的潜力无限相信自己，至少勇敢活出自己。up提到的比较方法因人而异，适合自己的才是最好。可以和自己比较，也可以和他人比较，不要陷入逻辑谬误和思想漩涡（内耗）就好。比较的目的是不断提升自我，而不是比较本身，不要舍本逐末。就像论语里的“见贤思齐焉，见不贤而内自省”。
5.平时多做些运动。跳绳慢跑冥想瑜伽……你又不是运动员没必要练废自己，而是为了保持身心健康。
……

参考书籍：
《高效能人士的七个习惯》
《被讨厌的勇气》
《伯恩斯新情绪疗法》
《逻辑精点》

欢迎大家补充指正",贵州,,2023-09-19 11:55:21,16,True
2,勇敢活出自己，没那么多人关注你，就算关注了那又如何？,贵州,,2023-09-19 11:57:14,1,False
3,跑步适当就好，我朋友也是天天8公里现在膝盖出问题了,广东,,2023-09-17 18:19:00,686,True
3,医生让每天跑一个小时，我体能不行，只能跑三圈走三圈，5公里左右，还不知道会不会伤膝盖,北京,,2023-09-18 11:48:18,17,False
3,我经常看一些人长得算胖的那种，朋友圈一晒就晒十多公里配速还是5分多的那种，我自己也经常跑步，不过我只习惯跑3公里到5公里，跑了有4年了，十公里我没试过，我觉得我跑不下来，状态非常好的话应该可以，那种天天跑半马的，而且白天还一直在上班的我真不知道怎么做到的，我怀疑是不是骑的自行车，我经常去跑步没遇到过几个跑的比我快的，那种18公里配速6分以内的还那么胖我都怀疑是不是人类了,云南,,2023-09-19 01:40:07,11,False
3,回复 @应龙祭苍 :试试道家的八部金刚长寿功，养生很好,河北,,2023-09-18 15:13:10,10,False
3,经常下班奖励自己[笑哭],广东,,2023-09-18 18:26:31,26,True
3,回复 @修改倪称需要6硬币 :矿泉水和红牛[星星眼]，我要红牛,江西,男,2023-09-24 01:37:41,0,False
3,细说,广东,,2023-09-19 20:02:07,0,False
3,确实挺不错的[doge],广东,男,2023-09-19 01:50:17,0,False
3,这人不是被封了，怎么又出来了[妙啊],河南,,2023-09-19 07:58:36,15,True
3,b站晚餐受众群体，启动[呲牙],江西,,2023-09-19 12:48:05,3,True
3,穷人，唯一途径——流量密码,山东,,2023-09-19 12:26:29,8,True
3,up翻身的唯一途径✔,陕西,男,2023-09-19 12:47:04,5,False
3,学生最喜欢看这种视频了[doge],四川,,2023-09-19 12:32:08,7,True
3,真自律的人不会看这种视频，看这种视频的人下一秒就抛到脑门后了[抠鼻],河北,,2023-09-19 11:24:00,5,True
3,"AI课代表的笔记：视频介绍了主讲者研究了13年的自律万能公式，通过关注一个小问题点，强力执行，永远闭环，提升自我效能和奖励自己等步骤，帮助自己持续坚持自律。主讲者强调了不要盯着大目标，而是关注当下的小目标，通过自夸和奖励来增强自我效能感。成功需要持续的努力和迎难而上，只有持续反自己，打破舒适区，才能实现理想。 

- 0:01 🔒自律万能公式
- 2:45 🚀自我效能提升方法
- 5:33 🎯小目标与奖励自我
- 8:21 🧠智力万能公式
- 11:08 💪坚持与成功的联系

本内容由大模型自动生成，关注并 @AI课代表呀 总结其它视频吧~（本条由 @拥有独特见解的一野熊 召唤）",广东,男,2023-09-17 16:20:42,79,True
3,标题太极端了，不自律也能逆袭的，不要太在意这些,广东,,2023-09-19 12:41:01,5,False
3,成绩上不去的高中 生可以看看这个up@学者诡道,中国香港,,2023-09-21 08:41:48,1,False
3,穷人逆袭运气好是最好的途径,河北,,2023-09-19 22:31:12,0,False
3,听过来人一句，讲自律的  都是骗子！  所有长期的行为 靠的都不是所谓的自律,浙江,男,2023-09-19 14:07:31,5,True
3,听君一席话如听君一席话,河南,,2023-09-19 12:09:27,5,True
3,自律？ 每天累死累活到家只想躺,四川,男,2023-09-19 22:05:44,3,True
3,补个建议：有条件的话出去单独住。不然你就会面临在你自律了五六天后打把游戏奖励自己时，你的家长过来：我觉得你学习效率不高，光看见你在打游戏了… 然后吵大半天架，你带着气接着玩或学习[呆],陕西,男,2023-09-18 09:28:46,4,True
3,"我得罪谁了让我看这玩意儿？
就算大家真的做到这些要求他们也会找到其他理由来满足其无病呻吟的借口。——卡辛斯基《论工业社会极其未来》",黑龙江,,2023-09-19 06:55:22,6,True
3,天天逆袭逆袭，普通人能活的快乐就行了，没必要给让这种视频上热度，有这时间不如看书学习找乐子,广东,,2023-09-19 11:05:54,3,True
3,分享一个穷人逆袭的案例：我一个大专毕业的朋友，家里正常人水平一家三个人在广州挤50平房子毕业后在工地摸爬滚打两年认识了不少人，后来有个老板愿意拉他合伙做在广西养猪场，他砸锅卖铁抵押房子四处借钱还搞0首付买车套现凑了一百多万，那两年电话都不敢接，现在每年能收个四十万左右。,广东,,2023-09-19 13:17:00,7,True
3,回复 @没事望啥天 :有，但不大。执行力只是最基础的要求，最终还得看机遇，眼界和胆量。,广东,,2023-09-19 13:36:57,2,False
3,所以他成功和自律有关系么,四川,,2023-09-19 13:22:20,2,False
3,回复 @修改倪称需要6硬币 :我亲戚也有人拉他  就是骗他钱  走人,广东,,2023-09-21 00:10:16,0,False
3,"一、一套自律万能公式，帮助人们实现自律和持续坚持。首先关注一个小问题点，其次强力执行并克制情绪欲望，最后永远闭环重复。
00:01 - 自律万能公式：关注小问题点，强力执行，永远闭环
01:14 - 大欲望往往需要漫长坚持，小欲望容易战胜大目标
02:37 - 永远闭环：做完小目标，避免被情绪和宏大目标分心
二、如何通过关注小问题点、强力执行和提升自我效能等方法来实现长期自律。作者强调了自我夸奖和比较的重要性。
03:02 - 通过关注小问题点和强力执行来实现自律
03:58 - 提升自我效能的套路可以帮助我们长期坚持做事情
05:06 - 通过自我表扬和设定小目标来提升自己的自信和动力
三、如何通过比较找到自我效能感，并通过自律公式实现大目标的小步达成，奖励自己以增强自信和动力。
06:01 - 有些人说不要跟别人比较，老子就要跟别人比较
06:12 - 自律要学会苦中作乐，找到自己比别人牛的成就
07:26 - 用自律万能公式拆解大目标，奖励自己达成小目标
四、如何通过自律实现大欲望大目标，指出要将注意力放在满足自己的过程中，而不是只盯着大欲望大目标，持续的痛苦远远大于快乐。
09:01 - 人们往往想实现大欲望大目标，但容易产生畏难情绪和放弃的想法
10:34 - 最痛苦的是看不到希望还咬牙坚持下去，需要坚持没有正反馈的痛苦
11:50 - 长期自律的关键是放下成功等号的信念，关注当下满足和自我提升
五、创业的艰辛和坚持的重要性，重点强调了突破障碍带来的机会和心力的重要性，认为成功的路上并不拥挤。
12:01 - 关注的是坚持带来的进步和能力提升
12:15 - 突破障碍可能带来机会，心力大的人才能成功
13:15 - 持续的反自己，打破障碍，才能成为人生赢家
--本内容由AI视频小助理生成，关注解锁AI助理，由@蕉尼 召唤发送",上海,,2023-09-17 16:50:55,340,True
3,成绩上不去的高中生可以看看 这个up@学者诡道,中国香港,,2023-09-22 11:00:34,2,False
3,结合AI视频小助理的详细内容，个人的理解及思考总结如下:关注小问题点(强力执行，同时注意提升自我效能，eg，参考别人的方法、通过比较来夸自己、大目标完成后奖励自己)，避免被情绪(爽感的、负面的)、宏大目标分心,安徽,,2023-09-19 17:18:44,1,False
3,"《阴律无情》：“我继续问判官何谓非时，非地，非器？原来就算是正式夫妻，也要守这些戒律，不然也算犯了邪淫罪。非时，即在佛菩萨的诞生日，或每月的六斋日，及年三长斋月中，应禁戒不行房事。在这些日子，例如每月初一、初十、十五等等，四天王会巡视人间，记录善恶，再回天庭向玉帝报告。
非地，是夫妻的人伦应该适可而止，除夫妻床外，不能在其他地方行事，例如客厅、厨房、厕所、露天、佛前等等。
非器，除了生殖器外，夫妻在其它部位都不可行淫，否则都要下地狱受苦，受完地狱苦，还要投生做猪、狗、鸳鸯、蛇等等动物身。…”",湖北,,2023-09-19 05:48:20,0,False
3,[tv_难过]我感觉我没救了，我连这个视频都无法专注坚持看完,江西,男,2023-09-19 09:39:01,4,True
3,何必呢，把多余的房子租出去，让多余的车自己出去跑滴滴养活自己，万难自解，自己随便就能过上自律的人生。,河南,,2023-09-19 14:29:44,3,True
3,儍👃🏻,山东,男,2023-09-19 11:09:32,4,True
3,评论区的别天天看那些鸡汤书了，你与其去看什么《微习惯》不如去看《微分几何》，你看上一个月就自律了,山西,,2023-09-19 13:23:22,15,True
3,绝！！！,湖北,女,2023-09-19 13:55:27,0,False
4,"给大家做个总结：
1.只关注小目标， 大欲望大目标不要常想 （关注起床，关注做到电脑前，做一个视频的主题是什么， 关注怎么开头吸引别人看？ 逐步小范围拆解） 
2.强力执行，心力战胜情绪， 一定要克制情绪，自律本身是反人性  
3.永远闭环一件事情，=（关注起床，关注做到电脑前，做一个视频的主题是什么， 关注怎么开头吸引别人看？ 逐步小范围拆解）
4.提升自我效能的套路（矮子里面拔高个儿 ，参考别人怎么做的，  自我暗示我好牛掰，比别人牛逼，持续获得一些坚持下去的自豪感，自己把自己捧起来，认可自己 ，潜意识的认可非常重要   适当的顺应人性  比如对比别人关注自己好的地方）     
5.反馈，给予奖赏（，去玩王者荣耀，可持续发展，自律是很漫长的过程，需要有奖赏反哺）",广东,,2023-09-17 18:30:42,157,True
4,谢谢科代表，这up主讲的都是对的，但都没用，跟别的视频一样，啰啰嗦嗦太长了,广东,男,2023-09-19 10:48:54,2,False
4,我挣得不多，也没什么不能说出来的，容客作，白度上的，总体来说月入千元比较轻松，是那种踏踏实实的,广西,,2023-09-23 22:22:19,0,False
4,感谢,河南,女,2023-09-23 17:31:28,0,False
4,最近看了几个up主关于自律的视频，基本讲的都是《微习惯》里的观点，这本书讲的更系统，有兴趣的可以去看看。,山西,,2023-09-18 18:02:20,164,True
4,看过这类书，很有用,河北,,2023-09-19 10:41:45,0,False
4,[奋斗][奋斗][奋斗]我在做白度上的 容客作，每个月大概 俩千左右吧，主要还是得积累经验。[呲牙][呲牙][呲牙],广西,,2023-09-19 09:29:43,2,False
4,"一、一套自律万能公式，帮助人们实现自律和持续坚持。首先关注一个小问题点，其次强力执行并克制情绪欲望，最后永远闭环重复。
00:01 - 自律万能公式：关注小问题点，强力执行，永远闭环
01:14 - 大欲望往往需要漫长坚持，小欲望容易战胜大目标
02:37 - 永远闭环：做完小目标，避免被情绪和宏大目标分心
二、如何通过关注小问题点、强力执行和提升自我效能等方法来实现长期自律。作者强调了自我夸奖和比较的重要性。
03:02 - 通过关注小问题点和强力执行来实现自律
03:58 - 提升自我效能的套路可以帮助我们长期坚持做事情
05:06 - 通过自我表扬和设定小目标来提升自己的自信和动力
三、如何通过比较找到自我效能感，并通过自律公式实现大目标的小步达成，奖励自己以增强自信和动力。
06:01 - 有些人说不要跟别人比较，老子就要跟别人比较
06:12 - 自律要学会苦中作乐，找到自己比别人牛的成就
07:26 - 用自律万能公式拆解大目标，奖励自己达成小目标
四、如何通过自律实现大欲望大目标，指出要将注意力放在满足自己的过程中，而不是只盯着大欲望大目标，持续的痛苦远远大于快乐。
09:01 - 人们往往想实现大欲望大目标，但容易产生畏难情绪和放弃的想法
10:34 - 最痛苦的是看不到希望还咬牙坚持下去，需要坚持没有正反馈的痛苦
11:50 - 长期自律的关键是放下成功等号的信念，关注当下满足和自我提升
五、创业的艰辛和坚持的重要性，重点强调了突破障碍带来的机会和心力的重要性，认为成功的路上并不拥挤。
12:01 - 关注的是坚持带来的进步和能力提升
12:15 - 突破障碍可能带来机会，心力大的人才能成功
13:15 - 持续的反自己，打破障碍，才能成为人生赢家
--本内容由AI视频小助理生成，关注解锁AI助理，由@蕉尼 召唤发送",江苏,,2023-09-20 12:08:27,2,True
4,什么是自律  就是草原五班的许三多  看守七连的那个许三多,甘肃,,2023-09-17 19:21:49,21,True
4,别人以为他是傻子但是他可以非常专注做一件事,山西,,2023-09-18 17:45:57,0,False
4,阿甘正传[doge],新疆,,2023-09-18 09:57:14,0,False
4,"看完了，个人理解哈，就是把长远目标无限细分成很容易执行的短小目标去执行，然后在这个过程中给自己持续不断的正反馈循环。
但是吧怎么说呢……感觉视频前后部分有点割裂。
其实会需要找视频来学怎么自律的人，也就是说，像我们这样真正做不到自律的人，我大胆猜想哈，多半有不少是跟我一样，既没有做过什么长期坚持的事，也没有过什么值得骄傲的成功，或者说从没有通过自身努力突破过任何大的难关，也就是说，没有能支撑自己向目标前进的自信事件作为背书。
这就导致想做什么事，都怀疑自己能不能做到最后，担心自己能不能达到目标，最后造成的结果是害怕开始行动，正像视频前半段说的那样，假如一开始想的就是做完这个视频怎么怎么样，那可能根本不会去行动。
按照视频观点，现在就应该不去想做完时怎么样，而是去想现在需要突破的第一个难点是什么，并且强制执行。
现在问题来了，按照这种思路，来看视频的人，目标是自律，所以我们现在应该不去想自律后怎么怎么样，而是去找一件现在该做的最小的事立即行动。也就是说，想要自律，首先就要忘掉自律，强迫自己不去想“跑这个步是为了成为自律的人，以后每天都要跑步”这个痛苦事实，然后强制执行跑步这个行动。
但，很多人缺少的就是——强迫自己不去联想“自己的行为是为了一个不好实现的大目标”，并且强迫自己立即行动——的这份强制力，这份强制力来源于我上面提到的自信事件的背书，而不自律的人我猜基本都跟我一样没有这种背书，而伴随着这种不自信，通过精神胜利来给自己带来持续正反馈的方法就变得更加艰难，因为“我的自夸是为了实现自律这个长远目标”的这种想法会不受控制地出现在心里。
我之所以说视频前后有些割裂，就是因为后半段视频中讲述的自律的困难之处的内容，我个人认为恰恰与前半段所传授的方法论相悖，因为我们的最终目标是成为自律的人，那按照前面说的方法我就不应该去想自律这件事本身，而是想想怎么强制自己迈出跑道上的第一步。
了解自律的痛苦，不正是在想象这个长远目标的艰难，来让自己害怕开始吗？",广西,,2023-09-19 09:11:37,50,True
4,这个确实，对于没有过这种习惯的人，一旦想怎么自律，就已经开始焦虑了，更不必谈开始了。所以，先谈的应该是坚持一件事，并且不要将其跟自律挂钩，举个简单例子，坚持一日三餐让自己成为一个健康的人，可以先按这种观念进行，这个就跟自律没啥关系了，一般也不会联想到。等做到之后就已经拥有了一种执行力了，拥有一定的执行力之后，自律都可以慢慢养起来的。,广东,男,2023-09-20 20:58:28,1,False
4,字多你说对[嗑瓜子],四川,,2023-09-19 16:06:57,1,False
4,努力了，我真的太累了。,广东,,2023-09-19 23:34:30,2,True
4,只要不生，养活自己就会变得很容易,河北,,2023-09-19 10:19:32,2,True
4,房买县城，车买十万以下，压力就没那么大,广东,男,2023-09-19 10:21:12,2,False
4,年轻人太天真了，这个世界从来就没有一个方法，认知或者公式，能解决所以穷人的问题。每个穷人都有不同的穷的理由。又怎么都能用一个公式解题呢。😂,陕西,,2023-09-19 19:54:28,2,True
4,人人都自律，等于不自律。但你不知道别人自律不自律，所以你必须自律，所有人都是囚徒，在这个巨大的社会监狱中。,山西,男,2023-09-19 07:32:21,5,True
4,才3200km，我都24000多km了。小老弟，你还得多练练[doge],广东,,2023-09-18 21:55:35,4,True
4,怎么办我老是躺床上不想动，什么都没有兴趣,广东,男,2023-09-17 16:01:36,117,True
4,"把躺床上跟负面的念头隔离掉，
先按照第一点，最小目标，起来喝口水，夸自己一下",广东,,2023-09-17 16:56:37,8,False
4,回复 @我嗒玛吃吃吃 :大收拾房间这个事已经拖了几个月了,广东,男,2023-09-17 16:05:54,5,False
4,很自律，每天都准时躺着[doge],广东,,2023-09-17 19:28:24,3,False
4,从小学努力到大学，又努力挤进了一个不错的公司，结果到头来房子买不起租不起、工资一点点，为了赡养父母，喜欢的东西一件件放弃，兜兜转转也逃不开父母指的结婚生子这一条路，那我努力来有什么用，到头不还是只有一个结局[难过],广东,,2023-09-19 07:54:40,25,True
4,这才是一个人的正常生活，而且你这算好一点的情况了，这玩意就是搁那以富人视角来指导别人，开口就是芸芸众生，哎呦~我估摸着还没我家有钱，也配教导别人,云南,,2023-09-19 07:56:18,8,False
4,回复 @一位路过这里的百合 :b站都不知道抽什么风，天天热门推这种鸡汤[辣眼睛],广东,,2023-09-19 09:34:34,4,False
4,赚一百万，去小城市，100万够你用每年的3万多利息活，一辈子，你可以做自己想做的事，不要太花钱就好。,河南,男,2023-09-21 20:05:02,2,False
4,一个视频文案做了十遍还能上热门，你是怎么做到的？互联网真的没有记忆吗？别骗傻子了行吗？！快给他们买瓜子去！,江苏,,2023-09-19 06:50:08,18,True
4,我特么也想说这个,天津,,2023-09-19 07:29:55,1,False
4,维护自身全意都做不到，逆袭啥啊逆袭,云南,男,2023-09-19 08:45:53,2,True
4,这玩意天天能上排行榜？,广东,男,2023-09-19 07:13:28,4,True
4,我以前好像看过一个说法是说：自律本身就是反人性的。不自律才是正常的[笑哭],天津,女,2023-09-18 14:51:30,5,True
4,每个人都用相同的方法，只是努力不同，内卷变形成。社会发展与趋势，组织，个人的不同。了解自己，做自己喜欢和适合自己的，越做越又劲。当然穷人单身为什么那么难，除了人多外，就是考虑更多的纬度，那么精力不够，就需要整合和协调更多的资源，才能享受更大的分配权。你能找到适合的团队组织，那么你又有心，那么就可以相对容易翻身，如果不能的话，那就只能自己去探索，难度系数会翻几倍。大部分的人都没有那比较小的幸运值。结果就成的普通人，甚至穷人。如果自己去探索的话，就要去抓住身边的可利用或者共赢得机会，那就要懂人性，难度也会增加。等等，纬度也会越来越多。其他过程也跟博主说的一样。一点一点去积攒自己成功的几率，从0到万分之一，到千分之一，到百分之一，十分之一，直到成功。其实坚持很难，但有时候，重要的可能是对这些规律的了解，你没看到，没学习到，不相信，根本坚持不下来。那样的坚持也没有了意义，这就是普通人不愿意坚持的原因，可能跟自律没关系，压根都不了解自己和社会这些规则和方向。,四川,,2023-09-20 20:01:39,2,True
4,开头成功学的味太冲了,北京,女,2023-09-19 10:16:36,3,True
4,我只觉得是贩卖焦虑,广东,男,2023-09-19 08:57:31,3,True
4,感觉做什么都没有意义，没有爱好，直接躺平,喀麦隆,男,2023-09-17 18:43:24,11,True
4,回复 @---天若有情 :谢谢,喀麦隆,男,2023-09-19 21:15:42,0,False
4,做自己喜欢的就好,广东,,2023-09-18 11:38:14,0,False
5,有时候学会哄着自己真的很重要,四川,,2023-09-18 10:54:13,6,True
5,新时代成功学，已经能做到不把成功成天挂在嘴边了。这又何尝不是一种伟大的进步。[doge],安徽,男,2023-09-18 03:22:10,7,True
5,开头说点痛心疾首忧心忧民的话骗骗自己就差不多得了，你不就是靠这种视频的流量来吃饭的吗。,安徽,男,2023-09-19 09:43:43,6,True
5,在这个时代，在国内，穷人要逆袭，合法而且最近的一条路的就是杠杆交易。但是，但凡自己的生活还能过的去，都不建议去接触这个东西，因为这条路大概率会毁了你的本来还过的去生活，千死一生。总结:这是一条最远的捷径。,上海,,2023-09-23 23:31:49,0,True
5,没有自律这回事，只是一种欲望大过了另一种欲望而已[doge],北京,,2023-09-18 11:16:55,3,True
5,"所以我以前去推荐我自己的时候？
我心里想的就是我在打破当前的舒适区，我在做正确的事情？",山东,,2023-09-19 14:13:37,0,True
5,总把坚持、自律、 执行力与成功画上等号，放下这种想法。十几年创业，各种艰难困苦还能坚持下来，从来不去关注坚持和成功有什么必然联系。关注的是坚持在哪个点上，给我带来的进步和能力提升，突破了什么障碍，自律最大的好处就是你会突破各种的障碍 ，使你做到你原本根本就做不到的事情，然后就可能会带来机会。   努力可能不会成功，但一直做难而正确的事，就有可能会成功。大多数心力弱的人总是会缩在自己的舒适区，一辈子在舒适区里转圈圈。成功就是你烦你自己了，你的心力迎难而上突破了那个舒适区。就鸡蛋从外部打进去就是食物，从内部打开就是新生。二八法则，80%的财富掌握在20%的人手里，所以我认为成功的路并不拥挤，因为大多数人都呆在那个舒适区里。牛逼的人就是烦自己了，从鸡蛋内部的舒适区打破出去了。我认为只有持续的反自己，反自己打破了很多障碍，带来各种机会的这些人才能成为人生赢家。持续的努力、迎难而上、精益求精，理想的实现来自于罚你自己。你做到各种情绪本能做不到的自己，你的理想就会离你越来越近。,山东,,2023-09-19 14:15:50,0,False
5,"方法论挺不错的，之前也是如此，但是大家小心反噬。
自我效能膨胀到自大自体，就像一个气球，一直给他打气，如果没有达到极限，或者外力扎破就会一会儿一直正循环下去。
可是，现实是残酷的环境和意外是必然会存在戳破气球的可能性，一旦膨胀的气球被残酷的现实击败之后将陷入一段较长的低谷期。(本人正处在这个阶段)
这也就是可以看到，有些人前期风华正茂，前途无量，但是到中后期却颓废落魄不堪。上帝欲其毁灭，必先让其疯狂，物极必反，站得越高，摔得更惨，这就是人生。",湖南,,2023-09-19 18:56:14,62,True
5,"再送大家一句话吧，送给有缘人
大道太平常，凡俗不肯行。思辨推理逞聪明，字中猜，句里蒙，倒背道藏算何能？全无半点真受用。得，是功名，失，是性命。",湖南,,2023-09-19 19:02:53,7,False
5,顺应人性的一些小套路，可能大家确实会走向歧途，就像我之前一样。后来我才知道，努力自律得到比别人强的优越感，仅仅停留在自己的思想里就够了，向外界一点都别表达，不然确实会被反噬走下坡路。,山东,男,2023-09-19 19:20:08,6,False
5,三散修功 ， 放平心态， 格局大点 不要面子就不会颓废,未知,男,2023-09-22 01:03:40,2,False
5,可想而知王阳明的知行合一有多难,重庆,,2023-09-18 23:43:15,3,True
5,自律是天生的，根本改变不了，只有他律,云南,男,2023-09-19 10:14:00,2,True
5,整天就恰那自律的流量,山东,,2023-09-19 03:54:08,8,True
5,房买县城，车买十万以下，压力就没那么大。一直攀比的话，就是自找苦吃,广东,男,2023-09-19 10:27:49,3,True
5,解决了工作和家庭问题，住哪里什么都好说,湖北,男,2023-09-19 11:48:18,0,False
5,自律 吃苦都是很空的，首富是头驴理论，被量化的东西，比如高考，提个分不难，到大学 工作的海量知识就不太实用了,广东,,2023-09-19 07:42:00,6,True
5,是的，自律一点，高考考得好的，正常智商都不难。但是进入社会不是考试，挣钱比考试困难太多了。,重庆,,2023-09-19 09:56:17,3,False
5,做难而正确的事情，翻译过来就是咬牙坚持，战胜摆烂的情绪（看了好几期UP主的视频总结出来的）,广东,男,2023-09-17 15:59:35,90,True
5,回复 @勍邕 :毕竟一直咬牙最后可能抑郁了自己都不知道,陕西,男,2023-09-18 09:25:11,9,False
5,摆烂的情绪有时候是自我保护机制我觉得,福建,男,2023-09-18 02:56:52,7,False
5,回复 @勍邕 :得看啥情况，一直咬牙偶尔摆烂，和一直摆烂，是不一样的,北京,,2023-09-19 09:05:48,2,False
5,八点才下班，下班就只想躺着玩手机然后睡去,湖南,女,2023-09-19 11:18:51,2,True
5,感觉没必要为了逆袭而逆袭，过穷日子每天和流浪猫狗玩也挺好的。。。,云南,,2023-09-19 11:12:50,6,True
5,"整一句我的垃圾学。。。
就算所有人都厌烦我这个垃圾，那我也可以去和小猫小狗玩。
世界这么大，总会有一个生命体，ta不嫌弃我是垃圾，并且愿意把我当成朋友。",云南,,2023-09-19 11:15:33,3,False
5,在足以维持生活质量的前提下，不强迫自己追求阶级上升的确能过得很舒坦，但没有足够资源支撑的生活容易因为疾病等变故而发生剧变。,广东,,2023-09-19 23:27:23,0,False
5,我也来告诉你一个万能公式吧：一个反反复复的顽固问题，如果能用一种非常简单且低成本的方法来解决，那么只有两种可能，要么他是傻子，要么你是傻子。比如生姜可以生发。[嗑瓜子][嗑瓜子],广东,,2023-09-19 07:53:02,4,True
5,我太容易累了，这怎么办？每天能有精神的时间很短，大多数都在疲惫中，真的很累，明明什么都没做，但就像是扛了五六袋水泥跑了8楼一样。,湖北,,2023-09-18 20:30:47,2,True
5,别做视频了。去精神卫生中心医院，检查一下，你小子焦虑症几级了。,福建,男,2023-09-19 06:50:32,8,True
5,自律是很虚幻的东西，很想去做某个事，或者被逼着去做某件事，所表现出来的状态，或许被称为“自律”？终归是要回到实践上，大可不必把重点放在“自律”这件事儿上。与其去研究如何自律，倒不如想想自己要做的事儿对自己的意义，为啥要做，是否真的必须做，是否是自己真心想去做，脱离目标和实践去讨论“自律”这种有些虚幻的概念，基本是在做无用功。想做某件事，或者是被逼着做某件事，然后认真去做，或者心里地很难受的去完成这件事，仅此而已，何必再套上自律不自律这一说法。你的目的是完成你的目标，过程或许难受或许快乐，跟自律无关。,山东,,2023-09-19 15:55:12,2,True
5,up主说的非常好。但有一个前提，假设一下，up现在还是现在的心智现在的眼界现在的才华，但是时代的原因没有成为百万书畅销作家（无法抗衡的时代的原因）。那up主还能这么理直气壮的信服自己做坚持的这一切吗？观众们还会认真的听up主的意见吗？所以，持之以恒，成功了，持之以恒就是故事，失败了，持之以恒就是事故。社会上为了追求梦想天天坚持自律的人，如果梦想没有实现，更多的变成反面教材。这个社会还是结果导向的。我认同up主关于如何自律的方法，但对于up内心认同成功靠的是自律，我觉得只是幸存者偏差。,上海,,2023-09-19 17:31:57,2,True
6,动不动就逆袭教程，真正穷人逆袭的秘诀只有一个:贵人！而你我，显然是没有的,湖南,,2023-09-17 20:43:24,2,True
6,毕竟富人的羊毛薅不到，穷人的羊毛还是很好薅滴。,四川,,2023-09-19 05:05:00,0,False
6,做了再说[doge],山东,男,2023-09-17 23:01:24,0,False
6,真的 我到了30才发现短期目标对我才有用 大概一季度的目标  再远就无效了,福建,,2023-09-19 13:02:17,2,True
6,up要不要和那些说上升通道已经堵死的人打一架？,浙江,,2023-09-19 13:18:50,2,True
6,赶紧看。防止up以后后悔了删视频[吃瓜],湖南,,2023-09-18 08:55:54,3,True
6,什么穷人富人的呀，谁也不是下生就带钱的，自律很重要，如果我做亚马逊的时候不自律，可能我的店铺也不会做到现在这样的成就。,内蒙古,女,2023-09-23 16:15:40,1,True
6,自古只有两条路，读书和参军，还有其他的拆迁，风口红利（自媒体），但是不包括努力[难过],广东,男,2023-09-19 07:48:30,7,True
6,回复 @qscz123 :努力，奋斗的结局也是给街坊表演雷雨，也没有成为那个男主角呀,山东,,2023-09-19 07:59:24,0,False
6,努力，奋斗,四川,,2023-09-19 07:51:12,0,False
6,个人的努力永远突破不了一整个阶级的压迫。除非你自己就是富哥,浙江,男,2023-09-21 22:47:10,1,True
6,"一、一套自律万能公式，帮助人们实现自律和持续坚持。首先关注一个小问题点，其次强力执行并克制情绪欲望，最后永远闭环重复。
00:01 - 自律万能公式：关注小问题点，强力执行，永远闭环
01:14 - 大欲望往往需要漫长坚持，小欲望容易战胜大目标
02:37 - 永远闭环：做完小目标，避免被情绪和宏大目标分心
二、如何通过关注小问题点、强力执行和提升自我效能等方法来实现长期自律。作者强调了自我夸奖和比较的重要性。
03:02 - 通过关注小问题点和强力执行来实现自律
03:58 - 提升自我效能的套路可以帮助我们长期坚持做事情
05:06 - 通过自我表扬和设定小目标来提升自己的自信和动力
三、如何通过比较找到自我效能感，并通过自律公式实现大目标的小步达成，奖励自己以增强自信和动力。
06:01 - 有些人说不要跟别人比较，老子就要跟别人比较
06:12 - 自律要学会苦中作乐，找到自己比别人牛的成就
07:26 - 用自律万能公式拆解大目标，奖励自己达成小目标
四、如何通过自律实现大欲望大目标，指出要将注意力放在满足自己的过程中，而不是只盯着大欲望大目标，持续的痛苦远远大于快乐。
09:01 - 人们往往想实现大欲望大目标，但容易产生畏难情绪和放弃的想法
10:34 - 最痛苦的是看不到希望还咬牙坚持下去，需要坚持没有正反馈的痛苦
11:50 - 长期自律的关键是放下成功等号的信念，关注当下满足和自我提升
五、创业的艰辛和坚持的重要性，重点强调了突破障碍带来的机会和心力的重要性，认为成功的路上并不拥挤。
12:01 - 关注的是坚持带来的进步和能力提升
12:15 - 突破障碍可能带来机会，心力大的人才能成功
13:15 - 持续的反自己，打破障碍，才能成为人生赢家",广东,,2023-09-19 08:49:29,2,True
6,成功有一定的方法，失败有一定的原因！[微笑][微笑][微笑],湖南,男,2023-09-21 23:21:17,1,True
6,加入虚无，你就是至高无上的神！,湖南,男,2023-09-20 12:36:01,1,True
6,自律逆袭?那啥，丁真很自律[OK],浙江,,2023-09-19 23:00:31,3,True
6,谢谢up主,广东,,2023-09-21 21:34:35,1,True
6,天天贩卖焦虑😓,江苏,,2023-09-19 07:16:09,2,True
6,点赞收藏，没有币,广东,男,2023-09-19 22:03:48,1,True
6,很多芸芸众生，语意重复[笑哭],云南,,2023-09-19 22:21:51,1,True
6,穷人自律就逆袭了？那还能有穷人吗？,辽宁,,2023-09-20 09:36:24,1,True
6,有没有可能哈，当以为自己是穷人没自律性，需要逆天改命时，从一开始就已经输了。,广东,男,2023-09-20 03:00:27,1,True
6,"等等……请等一下，先别滑走！
那个……你是最棒的，最优秀的，愿你快乐每一天，爱你呦♪
好了你可以走了，以免一天都没人夸你♪[拥抱][拥抱]",广东,,2023-09-20 12:09:17,1,True
6,哪有包治百病的灵丹妙药，真有这种仙丹那它一定价值连城。,辽宁,,2023-09-19 17:22:29,1,True
6,课代表:很差劲的解说，跟穷人一点关系没有。说自律还不如那个天天锻炼的人。工作也是自律，所以你讲个屁。,浙江,男,2023-09-19 06:34:19,2,True
7,谢谢up 最近确实很迷茫 感觉又有一点方向啦[给心心][给心心],重庆,,2023-09-19 06:52:38,2,True
7,富人不会真是靠自律和优秀的素质才富有的吧😥😥😥😥😥😥😥😥😥😥😥😥😥 2023年还在卖成功学,黑龙江,,2023-09-19 07:44:27,2,True
7,周淑怡汤丞一品4套房，全款。,四川,男,2023-09-19 12:05:10,1,True
7,穷人逆袭不该靠革命吗,辽宁,男,2023-09-19 11:58:30,1,True
7,真的很有道理，我支持你，已三连,吉林,男,2023-09-19 20:42:05,1,True
7,穷人逆袭的途径唯一是直播,四川,,2023-09-19 08:48:12,1,True
7,"看不到希望也要坚持下去！
成功的道路并不拥挤，因为很少有人能坚持到最后。",未知,男,2023-09-20 12:46:07,1,True
7,写点评论，这确实是我见过讲自律最好的视频，没有之一，再说下up主说想付费的事。 我表示理解，这个内容我认为确实值得付费，问题就是现在网上很多付费真的是坑，一到花钱估计就不想付了，[笑哭]那我估计就看不到什么好的视频了，，哈哈，讲的好我会努力去做 以三连关注,吉林,男,2023-09-18 05:10:30,7,True
7,这么厉害没考上清华我是不信的,河北,,2023-09-19 07:57:45,1,True
7,那么多厉害的榜样也不一定能考上清华呀，看天资和家庭教育的，人各有长处，后天成为更好的自己都值得学习和敬佩。,福建,,2023-09-19 07:59:29,0,False
7,看了4遍，我觉得我这么牛皮的人要开始改变喽,安徽,,2023-09-19 17:08:41,1,True
7,一命二运三风水，四积阴德五读书。世间万物，皆有定数。但无论结果如何，不应改变的是我们对人生的态度以及做人的初心。,黑龙江,,2023-09-20 13:19:36,1,True
7,个人觉得没啥用，能自律的早就能自律，不能自律的用啥方法都打不败自己的惰性,河南,男,2023-09-19 19:27:15,1,True
7,我去o(￣ヘ￣o＃) 神之途径！,江苏,女,2023-09-19 11:13:10,1,True
7,别杠啊我自己的理解大多数分享这个自律的up都是作家，确实有效果但是，写作有难度，但得分和什么事比，锻炼就更不用说了，大学好不夸张有条件情况下我基本天天三公里还有不定期各种无氧重量，健身是有那种快感的，而且很短时间就能感受到这种快感，尤其是跑步，但是有些事情他难度对于自律来说要求自然更高， 尤其是自己不擅长或者抵触的情绪，比如做高数，画cad等等，很难说有兴趣，但不分还是靠意志，而且这很难分成一个个小目标，为了正确应用，起码要掌握到一个较熟练的阶段，我只能说不同的事宜对自律的要求是不同的，意志的消耗也不一样，还要自己加一区分,黑龙江,男,2023-09-19 08:02:19,39,True
7,回复 @悲剧帝小枪 :哈哈哈太正常了，冬天跑步机上8公里10公里肯定有，都老爷们谁好意思先下来，一个比一个跑得快一个比一个跑的久，和视频里其中说的一点相似，那种我就是比你牛逼的虚荣心,黑龙江,男,2023-09-19 12:37:12,1,False
7,回复 @酣茹淑云 :hhh猜您这是老师傅了，我这才毕业没几年一画节点就开始烦了[笑哭],黑龙江,男,2023-09-19 23:20:34,0,False
7,画CAD对于我来说比跑步容易多了[笑哭],黑龙江,男,2023-09-19 23:11:53,0,False
7,穷人逆袭，只有一个朱元璋，还有谁是不靠父母背景的？,广东,,2023-09-19 03:50:12,1,True
7,回复 @枫芯丶 :龚小京,北京,,2023-09-19 23:27:51,0,False
7,刘强东,重庆,,2023-09-19 05:02:41,0,False
7,刘邦,江苏,男,2023-09-19 06:59:01,0,False
7,穷人摆脱贫困的唯一办法就是不生孩子，让贫穷到自己为止,广东,男,2023-09-18 14:06:00,1,True
7,不如投胎。,广东,女,2023-09-19 14:20:34,2,True
7,顶多是学会自律，但和穷人逆袭有什么关系？一个政策一个暴雷倾家荡产，绝大多数人记住自己的身份，就是个干电池，想什么逆袭,浙江,男,2023-09-19 22:54:13,1,True
7,我连视频都不想看完[脱单doge],吉林,男,2023-09-19 16:35:16,1,True
7,我有个问题，你是怎么做到一直讲话还思路清晰连贯的,北京,,2023-09-20 00:39:17,1,True
7,先写好,江西,,2023-09-20 07:29:51,0,False
8,up主你的漆盖软骨磨损了吗？,广东,,2023-09-19 13:12:48,1,True
8,没有,广西,男,2023-09-19 13:13:37,0,False
8,闹麻了，费尽千辛万苦才能得到的是别人出身就有的东西，甚至可能不足其百分之一千分之一,湖北,男,2023-09-19 14:07:34,1,True
8,不如两个字:团结,广西,男,2023-09-19 08:30:51,1,True
8,逆天改命改的是习惯 自律只是一个快速改变习惯的方法。可能你改变一个习惯并不能改变生活活着命运，比如健身跑步。当你用自律改变一个个坏习惯，成为另外一个不一样你的时候，从概率学上讲，至少有70%几率翻身,河南,,2023-09-19 00:03:05,5,True
8,百分之1,江西,,2023-09-20 00:00:58,0,False
8,如果自律真能通过听道理就能建立的话那就好了[doge],四川,,2023-09-17 17:43:04,10,True
8,知行合一,浙江,,2023-09-18 09:34:50,5,False
8,回复 @会心与不会 :好,河南,男,2023-09-19 08:44:38,0,False
8,以后每天看一遍视频，说明我就做到了自律[呲牙],广东,男,2023-09-19 14:39:36,1,True
8,人生哪有这么简单，我们县城不少小老板一波疫情就成破落户了，口罩厂老板倒是赚翻了,湖北,女,2023-09-19 10:55:03,1,True
8,跟着没用，要不你找个特别牛逼的媳妇儿或者老公，要不你找个非常厉害的师傅，这才能真正提升阶级。,黑龙江,,2023-09-19 07:10:58,1,True
8,说话很像罗永浩,黑龙江,,2023-09-19 17:37:18,1,True
8,我觉得博主真伟大，这个是值得收费的视频。我建议免费有时效性，不然就不值钱了，过段时间就收费了，不然白嫖怪太多了,广西,,2023-09-19 11:55:59,1,True
8,有道理,浙江,男,2023-09-19 06:43:56,1,True
8,人很弱 畏难绝望 执行当下小目标 正反馈 执行不与成功画等号,福建,,2023-09-19 10:26:48,1,True
8,UP实属把自律搞明白了 我看了这么多关于自律的视频，只有这个up让我瞬间领悟[doge]  我经历过太多不自律了，他把我的体会和收获都表达出来了，的确是这样的，感同身受!,河南,,2023-09-18 08:29:23,5,True
8,我跑了5000公里，但谈到自律依旧是失败者。这类视频我年初看了很多，内容大差不差 不过做心理安慰也挺好的。起码让一部分人认为看了这些东西就能逆天改命。,福建,,2023-09-19 09:59:45,0,True
8,预感这个视频又要上热门[支持],美国,女,2023-09-17 23:24:13,2,True
8,就像打怪升级游戏可以看到经验条一样，设个简单小目标完成，诶，我进步了，我又懂了一点，开心，就这一点一点的朝着目标。至于要不要跟人比较，我觉得一个人最大的对手只有自己，只要自己比昨天进步就好，每个人都是独一无二的，每个人的人生进程都不一样，流水不争先，争得是滔滔不绝，绝大多数人还没到拼天赋的地步。,广西,男,2023-09-18 17:23:59,2,True
8,我现在的感觉和状态糟透了，我好希望有人把我打一顿，如果能让我振作起来，行动起来，脱胎换骨，有所突破。。,陕西,,2023-09-18 01:18:14,1,True
8,如果成年了要学会自己勉励自己，没有那么多人来鞭策你,广东,,2023-09-18 11:39:42,0,False
8,不知道大家看完觉得怎么样 我觉得很催眠,广东,男,2023-09-19 00:37:16,2,True
8,lj视频,河南,,2023-09-19 07:23:59,4,False
8,人生只有几十年，要什么自律，我就两个自律到点吃饭，到点睡觉，别的都不律今天看到一本好书就多看点，到一个好游戏就就多玩几局，多大事情就多大的事，天天跟别人比，那不累死,浙江,,2023-09-19 11:58:26,1,True
8,每天一厕两觉三餐，特别自律，给自己点赞[支持],江西,,2023-09-19 11:31:47,1,True
9,我好帅我好帅我好帅[脱单doge],山东,男,2023-09-19 09:59:08,1,True
9,感觉对我没什么用，我觉得更重要的是路径到底对不对。小目标就是路径，为了实现大目标，如果这个小目标本来就不对，是个弯路，效能再高也高不到哪里去。上好学校都知道要一科科刷题背书，但是如果你要找好工作，背英语单词并不会有什么大用~可能我本身就属于自律一卦的,湖北,,2023-09-19 22:07:05,1,True
9,我直说了，我跑了1w公里了，也不影响我是个咸鱼。。。。。,北京,,2023-09-19 08:48:19,1,True
9,你学了几小时 你把跑步时间转换学习了吗,海南,女,2023-09-19 21:39:54,0,False
9,你现在存款多少，脱离俺们穷人行列了吗,辽宁,,2023-09-19 12:17:17,1,True
9,经典一击脱离,辽宁,,2023-09-19 13:05:51,1,False
9,回复 @人文系 :太脱离了,辽宁,,2023-09-20 10:32:06,0,False
9,只是在b站就近40万粉丝，写书也卖了百万本，教的付费学生也有3000人，你觉得脱离俺们穷人行列了吗？,陕西,,2023-09-19 15:46:40,0,False
9,已整理【穷人逆袭唯一途径，自律万能公式，终结不自律-哔哩哔哩】 https://b23.tv/fn2q2ko,湖北,,2023-09-23 16:16:28,0,True
9,所谓自律，就是正确的难受。,安徽,,2023-09-23 23:18:07,0,True
9,大驰。。,福建,,2023-09-23 21:36:45,0,True
9,"已整理23-09-17
【穷人逆袭唯一途径，自律万能公式，终结不自律-哔哩哔哩】 https://b23.tv/fxaTgl6",湖北,,2023-09-23 17:36:07,0,True
9,关注一个hin小hin小的问题（拿捏）[OK],河北,,2023-09-23 14:08:07,0,True
9,当你感觉重复一件事，获得的不是快感，而是痛苦的时候，就说明这件事本身就反人类，即是最后成功了，也不过是用自己抵触的行为，欺瞒并折磨后来者而已。,四川,男,2023-09-23 22:53:13,0,True
9,自律很难很难，我想强制自己自律做些事情,北京,,2023-09-23 21:32:42,0,True
9,关注当下最需要做的事情,湖北,,2023-09-23 09:39:58,0,True
9,哈哈，我觉得up主牛。,江苏,,2023-09-23 22:22:00,0,True
9,天呀，很有道理,广东,男,2023-09-23 16:26:45,0,True
9,有点意思，起步非常适合,北京,,2023-09-23 13:20:09,0,True
9,又是洗脑界王者,福建,,2023-09-19 07:56:46,6,True
9,智能路障？？？,广西,女,2023-09-22 20:08:44,0,True
9,健身痛苦一时，不健身痛苦一世。,江苏,,2023-09-23 05:01:23,0,True
9,我懒得总结，想去评论区里找课代表。结果这评论区也太消极了。大环境是不好，上升空间是太小。那又怎么样呢？我是躺平好几年的人，深感无聊。我认可大环境不好，上升空间寥寥无几，我也认可up主的内容。我依旧觉得阿婆主的内容能给人动力，给人精神养料。加油,河南,女,2023-09-19 08:23:38,3,True
9,"总结：做好自己的小事，其他随缘。
-------
在提升期，把自己当作一台机器不断猎取。",新疆,,2023-09-23 21:37:12,0,True
10,不把自己当回事 把自己做的是当回事,河北,,2023-09-23 16:03:05,0,True
10,我可以自律,福建,女,2023-09-23 09:58:16,0,True
10,跑步就自律了？看书就自律了？他们只是普世价值认为的，不需要思考就是正确的事情罢了，根本不是什么自律好吧,上海,,2023-09-19 08:29:04,1,True
10,大家不要相信这种东西，这种庸俗方法论会在一生当中不断遇见又投身其中，这是一个恶循环,四川,,2023-09-19 06:08:57,1,True
10,回复 @十点飞行 :噢，拉不下身份呗,浙江,男,2023-09-19 19:02:37,1,False
10,不行动就是方法论呗,浙江,男,2023-09-19 06:46:27,1,False
10,回复 @那是我的前蹄 :懒得和你说，随便看看哲学史就知道这些玩意儿多可笑,四川,,2023-09-20 00:18:41,0,False
10,请重看【穷人逆袭唯一途径，自律万能公式，终结不自律-哔哩哔哩】 https://b23.tv/ijRXnHR,湖北,,2023-09-23 15:22:41,0,True
10,宁哥能回我私信吗,河北,,2023-09-22 22:35:41,0,True
10,拿面子挣钱，用钱撑面子,贵州,,2023-09-22 21:27:47,0,True
10,明天再自律,贵州,,2023-09-19 15:07:01,1,True
10,下辈子是标准答案[doge],江苏,男,2023-09-20 13:22:29,0,False
10,很有启发，谢谢up。期待您的更好的作品[脱单doge],湖北,,2023-09-23 13:07:05,0,True
10,我一定能考上[打call],广西,,2023-09-22 21:42:37,0,True
10,我看了视频收货颇多，摆烂的原因是因为人性真的很弱，一步步按照奖励点行事的确很有效，但是人和人不一定感受相同，有的人价值观会选择最短路径，从而会认为摆烂会得到快了，为什么要选择努力获得快乐，因此我提出另一套基于自身的“自律”路径，那就是习惯，小学离家不远不近路程30分钟一天四趟（小学生放学你懂的），初高中有点远最快步行速度21分钟（极限），目前上班步行速度35分钟（7年了），我基本上是习惯度过，哪怕提到坐车也会优先选择走路，把通往目标的道路养成习惯，不要过分在意习惯本身和目标身上，过程仅仅是目前要做，可以通过思维转移模糊对过程的价值判断，比如这个任务做完就轻松了转变成这个任务该用那种方法做会更好，深入事件本身比对事件整体判断更高的践行度，我个人分析思考深入事件思考本身就是求知欲的表现，不论欲的多少都能有效吸引行动，思考事件价值不论价值获得多少，都有几大可能提升联系对整体以及最终目标思考的概率，真要判断价值获得成就感也是等完成后再考虑。,湖南,男,2023-09-19 09:48:22,1,True
10,现在想减肥，每天控制早睡早起少吃多动。但工作性质每周会有两三次饭局，推又推不掉，还几乎都要喝酒。。。这种情况怎么自律[笑哭],福建,,2023-09-23 23:19:54,0,True
10,自律的终结者，找个自律的人一起自律,上海,男,2023-09-23 19:45:39,0,True
10,背景音乐用对了，你的感谢星爷,广东,男,2023-09-22 19:48:35,0,True
10,6,吉林,,2023-09-22 08:59:17,0,True
10,哈哈哈哈哈哈,江苏,,2023-09-21 21:20:51,0,True
10,收藏比点赞多[微笑][微笑],广西,,2023-09-22 08:58:55,0,True
10,可真客气,河北,女,2023-09-21 22:21:52,0,True
10,福格行为模型,江苏,,2023-09-22 22:07:24,0,True
10,微习惯,新疆,,2023-09-22 21:28:50,0,True
11,谢谢Up主，这个刚好是我现在遇到的问题,四川,,2023-09-23 19:32:04,0,True
11,额，最小可执行动作，自律这个事，看情况吧，不是每个人都得自律，而且自律的反馈是长线的，不可能因为自律就逆天改命。是的，生活能变好，但是社会分工已经将你的主观能动性带来的改变降到了最小。而且，如果主动带入宏大叙事，对你来说只有消耗。,广东,男,2023-09-19 08:09:54,2,True
11,强制自己执行，很痛苦也要坚持，不要被情绪所打败；这一条我都一直loop~~总是被情绪击垮·····,四川,,2023-09-23 21:52:14,0,True
11,@AI视频小助理 总结一下,河南,男,2023-09-22 00:03:13,0,True
11,人都会死的。。。多享受才是真的，,贵州,,2023-09-21 23:16:34,0,True
11,[脱单doge],宁夏,,2023-09-21 21:07:21,0,True
11,牛逼,广东,男,2023-09-21 18:28:55,0,True
11,给我去吃灰,上海,,2023-09-21 17:38:23,0,True
11,每次看到这种自律的视频都强迫自己看完，后边又忘了自律。。。,江苏,男,2023-09-23 22:57:46,0,True
11,轻舟已过万重山,湖南,男,2023-09-21 23:32:57,0,True
11,如果悟出道，不需要术，更不需要技，希望大家都能悟到自己的道,江西,男,2023-09-23 00:15:26,0,True
11,我戒了30年的烟，坚持喝了30年的酒，持续无目的的练了30的毛笔字[微笑],湖南,,2023-09-22 23:50:58,0,True
11,@AI视频小助理 总结一下,湖北,男,2023-09-17 20:39:43,1,True
11,脑子放空只做一件事。[打call][打call],北京,,2023-09-18 14:08:43,1,True
11,不收费，一小时70立结，自己也在做,陕西,,2023-09-21 21:32:57,0,True
11,不积跬步无以至千里,福建,女,2023-09-22 20:58:21,0,True
11,怎么不去看自控力……,四川,,2023-09-21 13:09:48,0,True
11,穷人靠变异[doge],辽宁,,2023-09-20 12:08:49,0,True
11,福格行为模型,上海,,2023-09-21 11:29:22,0,True
11,666,黑龙江,,2023-09-20 18:14:46,0,True
12,巴嘎,湖南,,2023-09-20 09:08:53,0,True
12,自律没用，亲测。,江苏,男,2023-09-20 05:35:59,0,True
12,嗨嗨,河北,,2023-09-20 01:54:58,0,True
12,坚信自己能嫁给有钱人，就算没人要也绝对不能便宜那帮穷酸鬼,广西,,2023-09-21 15:22:56,0,True
12,微习惯,新疆,男,2023-09-20 01:19:57,0,True
12,陈年鸡汤,未知,男,2023-09-20 00:11:20,0,True
12,反者道之动,山东,,2023-09-20 22:36:14,0,True
12,锻炼的驴,浙江,,2023-09-19 22:08:31,0,True
12,很多芸芸众生 语法错误,江苏,,2023-09-20 12:48:40,0,True
12,谢谢，但对的可不是你。,河南,,2023-09-19 21:20:14,0,True
12,说的都是正确的废话，跟国外的成功学一个套路，看来又是一个卖课的骗子。,河北,,2023-09-19 19:55:54,2,True
12,自律就是骗局，跟成功学一个样,广东,男,2023-09-21 00:16:36,0,True
12,次要矛盾,广西,,2023-09-20 12:39:05,0,True
12,微习惯,山东,,2023-09-20 01:41:48,0,True
12,没啥用,湖北,,2023-09-19 22:14:28,0,True
12,@AI视频小助理 总结一下,山东,,2023-09-20 13:17:18,0,True
12,@AI视频小助理 总结一下,广东,,2023-09-19 23:54:37,0,True
12,说的太对了,上海,男,2023-09-19 23:18:51,0,True
12,如果我喜欢一个比我优秀的女人，我会非常自律，且优秀，可是我已经已婚了。🙃,广东,,2023-09-19 14:58:31,0,True
12,天下大事必作于细。是以圣人终不为大，故能成其大。夫轻诺必寡信。,河南,男,2023-09-22 07:09:26,0,True
13,[doge]所以呢你成功了吗？还靠着做视频的收益维持生活吗？,广西,,2023-09-20 08:21:08,0,True
13,@AI视频小助理,浙江,,2023-09-19 10:32:38,0,True
13,自律很难是因为没有恒心。你说的太对了，积小恒久成大,陕西,,2023-09-19 11:40:10,1,True
13,@AI视频小助理,山东,男,2023-09-19 18:56:24,0,True
13,@AI视频小助理  总结一下,浙江,,2023-09-19 10:33:39,0,True
13,做当下,山西,,2023-09-20 08:47:01,0,True
13,玩原神玩的,山东,,2023-09-19 08:12:53,3,True
13,"自律万能公式：
1.只关注小目标；
2.强制自己执行，很痛苦也要坚持，不要被情绪所打败；
3.永远闭环，一定要完成，从小目标着手去做，不要关注过于宏大的东西；
4.提升自我效能套路，不断学习精进，从而获得爽感成就感，才能让自己更好的坚持；
5.发现自己的厉害之处，不断夸自己给自己积极暗示和正反馈，参考马太效应；
6.达到成就后一定要奖励自己，形成正向的循环🔄。
以上六步照做可以让我们不断的形成自律的习惯，情绪其实是我们最大的对手，一定要让自己持续努力，迎难而上，反人性，并且坚持，才能成功。
最近对博主说的没有反馈很难坚持是最难受的，深有体会，目前在复习考研，已经坚持了三个月了，一直没有什么积极的反馈，快绷不住了，摆烂好几天，有什么方法可以让自己状态恢复，坚持到最后一天？[大哭]",浙江,,2023-09-21 04:57:43,0,True
13,？教员不是发过教材啦吗？,北京,,2023-09-20 23:14:54,0,True
13,现在的我,山东,,2023-09-20 16:30:27,0,True
13,@课代表猫 总结一下,山东,男,2023-09-19 18:56:39,0,True
13,祥子到死都觉得自己是不够努力才没法拥有自己的车,北京,男,2023-09-21 08:28:25,0,True
13,看了评论，up主真不容易，但也是真棒👍,江苏,,2023-09-21 18:18:25,0,True
13,其实就是《微习惯》这本书中的内容,湖北,,2023-09-21 20:35:47,0,True
13,成功学？,上海,,2023-09-19 15:59:07,0,True
13,反正我会告诉自己，如果一个男人连食欲都控制不了，那肯定没什么出息,山东,男,2023-09-19 21:29:38,0,True
13,戒烟[呲牙],贵州,,2023-09-20 08:02:23,0,True
13,标题让我吸引了,河北,,2023-09-20 14:50:09,0,True
13,@有趣的程序员 总结一下,福建,男,2023-09-19 22:28:35,0,True
13,看这些有用的话，观看的人人都是富豪，但现实呢？,广东,,2023-09-21 01:37:50,0,True
14,自律是反人类的 追求高级欲望 延迟满足才是真神[星星眼],山西,,2023-09-20 12:25:41,0,True
14,好累，主打一个随心所欲[doge],湖南,,2023-09-19 23:14:04,0,True
14,@AI视频小助理,四川,,2023-09-19 17:52:27,0,True
14,谢谢你，up主,福建,,2023-09-20 21:36:04,0,True
14,由人来制定分配机制，终究受人性影响，环境就这样，改变不了，注定少部分人掌握大部分财富。改变命运就是成为少部分人，而那大部分人又没有天生的优势，只能靠后天的努力，持续性的努力又得靠自律……唉，共勉吧[给心心],广东,,2023-09-19 08:14:21,1,True
14,字幕没校对,广东,,2023-09-19 13:03:45,0,True
14,福格模式,陕西,,2023-09-19 21:40:13,0,True
14,穷人加满杠杆赌赢一次才能改命，这里的赌包括换工作跨行业（风口），创业，投资等等,广东,男,2023-09-19 20:14:41,0,True
14,感谢你免费提供这么好的视频,山东,,2023-09-20 17:34:12,0,True
14,自律也没有我爸是马化腾来的实在,浙江,,2023-09-20 11:42:08,0,True
14,@有趣的程序员 总结一下,山东,男,2023-09-19 18:56:18,0,True
14,自律并不会让你变富有,河北,男,2023-09-19 19:58:02,0,True
14,请问一天上13小时班怎么自律[吃瓜],上海,,2023-09-20 02:12:04,0,True
14,其实一句话就是把大目标拆解成可以容易实现的小目标坚持执行并不断迭代自己的方法。真正的自律靠得不是毅力，会非常痛苦难以长期执行，只有把前期靠毅力完成的变成习惯才是最好的！,四川,女,2023-09-22 08:07:45,0,True
14,你视频都还挺相似哈,广西,,2023-09-19 22:37:07,0,True
14,"确实我有很严重的拖延症，每天都不想去学习，但玩也玩不好，想想考上就觉得好遥远好遥远，更不想学了……看了此视频，那好此时此刻我就先做到放下手机开始！从计划每天六七节课（其实有时一节也不学），变成一天3节就算完成任务，学了后听不进去：那就先不想3节，先做到听懂这一节。然后果然，原本从上午就瞪眼的这节课一直没听懂（一直在走神），我又后退去听，突然就听懂了，老师前面这不讲的很清楚吗？！
确实是第一：静心才能学进去，不然干瞪眼半天还学的很痛苦;第二：先从克服此时此刻做起吧！不过我还没找到奖励自己的好方法，总觉得不想放松一天，但其实每天都没有学好，要不然奖励自己休班可以放心玩一天？",山东,,2023-09-21 13:28:24,0,True
14,"，自律万能公式：
1.只关注小目标；
2.强制自己执行，很痛苦也要坚持，不要被情绪所打败；
3.永远闭环，一定要完成，从小目标着手去做，不要关注过于宏大的东西；
4.提升自我效能套路，不断学习精进，从而获得爽感成就感，才能让自己更好的坚持；
5.发现自己的厉害之处，不断夸自己给自己积极暗示和正反馈，参考马太效应；
6.达到成就后一定要奖励自己，形成正向的循环🔄。
以上六步照做可以让我们不断的形成自律的习惯，情绪其实是我们最大的对手，一定要让自己持续努力，迎难而上，反人性，并且坚持，才能成功。",河北,,2023-09-20 10:09:06,0,True
14,总结:走一步，再走一步[加油],安徽,男,2023-09-20 07:28:52,0,True
14,穷人逆袭要革命,广东,男,2023-09-19 11:27:23,0,True
14,收藏=自律,海南,,2023-09-19 23:37:52,0,True
15,标题什么意思？自律就能变富？,河北,,2023-09-19 12:44:19,0,True
15,这个视频看完真的是，我感觉我最后的底裤被人扒了，我就是典型的假学习的代表，我有罪,浙江,,2023-09-19 15:37:58,0,True
15,我真厉害，把视频从头到尾到看完了[支持],陕西,,2023-09-20 19:12:53,0,True
15,天行健，君子自强不息。天降大任于斯人也，必先苦其心志劳其筋骨。色字头上一把刀，二八佳人体似酥，腰间仗剑斩凡夫。,湖北,,2023-09-20 01:21:40,0,True
15,快乐一点吧,陕西,男,2023-09-20 00:15:05,0,True
15,就是说佛祖发下大宏愿来自律[微笑],广东,男,2023-09-19 20:50:45,0,True
15,早就报了健身房练完了 弟弟[偷笑] @蕉尼,广东,男,2023-09-19 15:07:55,0,True
15,资本榨干穷人，并告诉穷人，你穷是因为还不够努力,湖南,男,2023-09-19 13:50:00,0,True
15,要么自救要么自我毁灭,宁夏,男,2023-09-19 11:27:37,0,True
15,@AI视频小助理,广东,,2023-09-19 12:26:46,0,True
15,"开心就好,知足常乐",福建,,2023-09-19 19:45:39,0,True
15,[doge][doge][doge],广东,,2023-09-19 12:18:13,0,True
15,我想划走了，怎么办？,四川,,2023-09-19 10:58:49,0,True
15,我觉得UP是真的干货，看过一个清华的妹纸，说她的秘诀就是减少心理内耗，踏踏实实做好当下就会达到你想要的结果，千万不要一边做一边否定或者怎么样，学习的时候只有学习，没有情绪,广西,,2023-09-21 10:22:50,0,True
15,没有可见的预期收益只会不断的消耗自己,湖南,,2023-09-20 02:52:36,0,True
15,我还是不自律吧！,福建,女,2023-09-19 13:46:18,0,True
15,人活着真累,北京,女,2023-09-19 10:45:04,0,True
15,情绪，控制你的行为，这个道理其实我早就知道了，但是做不到啊,广东,,2023-09-20 22:36:52,0,True
15,"一般人，自律用更大的本能欲望压制小的欲望。
兴趣爱好驱动自律。",河南,,2023-09-20 18:25:45,0,True
15,你是单身狗么？  家里面不管么,河南,男,2023-09-19 10:01:52,0,True
16,旁边不会写字的丁真嘿嘿一笑,山西,,2023-09-19 08:12:05,0,True
16,自律上升什么的都是什么意识形态？骗骗人算了,安徽,,2023-09-19 14:30:08,2,True
16,还不如坚持贝叶斯改进呢[笑哭],新疆,男,2023-09-19 14:00:26,0,True
16,先定个小目标赚他一个亿？就是分成无数份，也赚不到啊[笑哭],江西,,2023-09-20 12:22:05,0,True
16,有困难就放弃[辣眼睛],北京,男,2023-09-19 07:45:46,0,True
16,每天坚持奖励自己算自律吗[doge],四川,男,2023-09-19 21:17:10,0,True
16,纱帘,江苏,男,2023-09-19 09:11:53,0,True
16,我除了学习感觉别的都能执行,辽宁,男,2023-09-19 16:18:07,0,True
16,看得我热血沸腾，激动的我在床上翻了。。。,广东,男,2023-09-19 09:09:27,0,True
16,听我说，谢谢你,上海,,2023-09-19 15:11:33,0,True
16,吾辈楷模,湖北,男,2023-09-19 23:53:37,0,True
16,我告诉你一个秘密，脱离碎片化的知识，你就超越90%的人了[doge],福建,,2023-09-20 01:32:22,0,True
16,太真实了[脸红],广东,,2023-09-19 22:57:54,0,True
16,受众不同，经历过，挣扎过的人，深得领悟，谢谢up,云南,,2023-09-20 18:41:16,0,True
16,奖励自己[doge],宁夏,,2023-09-20 14:46:30,0,True
16,@@苍白生墨,浙江,男,2023-09-19 12:27:23,0,True
16,你这人还怪好哩来,江苏,男,2023-09-19 11:34:30,0,True
16,真的有用，支持下,河北,,2023-09-20 08:05:54,0,True
16,好,美国,,2023-09-19 08:21:42,0,True
16,找到自己的兴趣,北京,,2023-09-19 18:16:30,0,True
17,穷就是穷，这是命，哈哈，还不如躺平,吉林,,2023-09-19 08:26:30,0,True
17,原来马克思先生在资本论中说错了呀，只要努力，就一定会过上好生活，公平不在于再分配，而在于创造。佛教有云，忍一世苦难，登极乐世界。古代人平均寿命二三十岁。你还没悟透就死了。现在是只要自己努力个二三十岁，自己就能早登极乐了。,广东,,2023-09-19 16:24:35,0,True
17,@有趣的程序员 总结一下,河南,,2023-09-19 07:27:34,0,True
17,https://b23.tv/NA7IHk9,湖北,男,2023-09-19 03:26:07,0,True
17,"自律第一步，关注up主
——嗯，非常好，我今天真棒",江西,男,2023-09-20 12:28:35,0,True
17,知足常乐，认清自己的定位，不要试图去够那些你能力范围外的东西，人的痛苦会少很多[吃瓜],北京,女,2023-09-20 01:04:26,0,True
17,@有趣的程序员 总结一下,北京,男,2023-09-19 08:44:40,0,True
17,其实我也很自律的，每天醒来，第一件事，就是拿手机！[doge],河南,,2023-09-20 08:17:35,0,True
17,有道的影子，不错。可惜一般的人就算知道很有道理，但是却无法领悟,广东,,2023-09-20 19:25:23,0,True
17,但凡有其他娱乐手段，谁踏马不想。关键是没钱啊,山东,,2023-09-19 10:26:12,0,True
17,是啊，在没看这个视频之前我还在想，cf还有两个小时解封，我就玩两个小时手机等待，看了这个视频我明白，这两个小时我能起床做饭吃饱，再把自己的衣服洗干净晾干，在做自己工作的事情，2个小时真的能做很多，以后起床第一个小时就先看up的这个视频激励自己，感谢up的指导。,湖北,,2023-09-18 09:07:01,5,True
17,打开喜马拉雅，听个小说，洗衣服，打扫卫生，洗锅刷碗,甘肃,,2023-09-18 21:25:11,0,False
17,穷人老老实实学习，顺便胆子大一点，出国或者移民。这是你唯一的出路。,重庆,,2023-09-19 05:12:15,0,True
17,穹人想烦神，唯有闹个名,陕西,男,2023-09-19 07:14:10,0,True
17,戒烟快两年，经常打开戒烟APP上看增加的天数，看着不断缩小的幸存百分比，已经成为了我自己的信心来源了。起码我觉得自己在戒烟这件事上已经比百分95的人厉害了。你问我还想不想抽烟。我现在已经不敢抽烟了。复吸会让我对我自己的信心崩塌的。我为了不让自己失败和自己信心崩塌。在戒烟一年后，找来了那本戒烟神书《这本书能让你戒烟》。反复看了三遍。改变了很多对抽烟的认知。我再继续戒烟下去轻松无比。,陕西,,2023-09-19 17:11:58,0,True
17,"知之者不如好之者，好之者不如乐之者
把UP的方法再柔和宽松一点，给自己一个相对舒适的兴趣培养环境，可能更好",四川,,2023-09-19 07:41:31,1,True
17,所以你写的书是什么？,贵州,,2023-09-18 10:42:47,0,True
17,记忆类的书，网上都有买,浙江,,2023-09-19 01:39:44,0,False
17,你自律为啥呢？你只看到了我穷，你没看到我虽然穷，但是经常躺平，比你匆匆茫茫好的多,北京,,2023-09-18 20:04:22,0,True
17,真的谢谢up主,浙江,,2023-09-19 17:51:18,0,True
17,自律后回头看真是轻舟已过万重山,陕西,,2023-09-19 02:19:27,0,True
17,你怠惰了阿梓亦,山东,,2023-09-18 09:41:54,0,True
18,有没有双马尾小萝莉，做我女朋友，我每天请她吃蛋炒饭！,江苏,,2023-09-19 10:20:55,0,True
18,成功的路并不拥挤,辽宁,女,2023-09-19 10:11:23,0,True
18,"@AI视频小助理 总结一下
@有趣的程序员 总结一下",广东,男,2023-09-19 15:04:41,0,True
18,喜欢省流版，多谢课代表,湖北,,2023-09-20 19:44:18,0,True
18,十分钟的视频你都没耐心看，那你也同样没耐心去努力,江苏,女,2023-09-20 21:01:43,0,False
18,每天坚持不自律何尝又不是一种自律呢[doge],广西,,2023-09-20 00:29:26,0,True
18,你不用纠结了，留着自己看,湖南,,2023-09-19 11:29:16,0,True
18,@小鹿家的小陆柒,安徽,男,2023-09-19 11:49:10,0,True
18,找到我想说的了，搞不懂为什么会上热门，但是忍不住点开评论区观察一下这些受苦的人在这的抱怨。这个视频的评论区可比视频好看多了。[tv_坏笑],四川,男,2023-09-19 09:23:25,1,True
18,跟上抱树的节奏,陕西,男,2023-09-19 10:53:23,0,True
18,还改变命运[doge],湖南,,2023-09-19 03:49:59,0,True
18,可怕的收藏量  光收藏就够了吗  不付诸于行动  你一辈子穷着吧,新疆,,2023-09-19 11:32:52,0,True
18,"用一颗感恩的心去待人处世，你才有高尚的境界和宽广的胸怀。

    [脱单doge]",广东,,2023-09-19 22:13:59,0,True
18,真的很棒的视频。,陕西,,2023-09-18 11:08:16,0,True
18,"1.只关注小目标，先完成小目标在说 
2.和其他人比自己已经很厉害了，从别人身上找自信。
3.做事情没有正反馈，看不到希望，很难坚持下去，所以要哄自己，坚持能够带给我除了成功以外的事情，离开自己的舒适区。",贵州,女,2023-09-19 19:55:55,0,True
18,只有做事情就忧郁状态,安徽,,2023-09-19 20:55:23,0,True
18,自律是什么？代入什么模式？,广东,男,2023-09-19 15:09:22,0,True
18,"《阴律无情》：“我继续问判官何谓非时，非地，非器？原来就算是正式夫妻，也要守这些戒律，不然也算犯了邪淫罪。非时，即在佛菩萨的诞生日，或每月的六斋日，及年三长斋月中，应禁戒不行房事。在这些日子，例如每月初一、初十、十五等等，四天王会巡视人间，记录善恶，再回天庭向玉帝报告。
非地，是夫妻的人伦应该适可而止，除夫妻床外，不能在其他地方行事，例如客厅、厨房、厕所、露天、佛前等等。
非器，除了生殖器外，夫妻在其它部位都不可行淫，否则都要下地狱受苦，受完地狱苦，还要投生做猪、狗、鸳鸯、蛇等等动物身。…”",湖北,,2023-09-19 05:48:14,0,True
18,感觉up的视频和一个叫微习惯的书很像,浙江,男,2023-09-19 15:20:10,0,True
18,没看过,广西,男,2023-09-19 15:20:23,0,False
18,我坚持不自律又何尝不是一种自律[tv_鬼脸],贵州,,2023-09-19 00:20:28,0,True
18,通过自言自语来善待自己（例如：这只是一段暂时紧张的时间，没事的，这会过去）；自我同情，不加评判，对自己保持中立。 ,安徽,,2023-09-19 17:02:25,0,True
19,在现代这个社会没途径，钱是需要工作的！所以除非您命运有权，我猜这个社会权力大小是气息强度大小和气息性质！否则人家不要工作，穷人没法发达！[原神_哼][来古-震撼][FGO_耶][FGO_开心][坎公骑冠剑_钻石][坎公骑冠剑_吃鸡][坎公骑冠剑_无语],广东,男,2023-09-18 15:07:12,0,True
19,运动真的要适当,四川,男,2023-09-19 08:12:38,0,True
19,普罗大众好欣慰,贵州,,2023-09-19 08:58:05,0,True
19,鸡汤，看几百遍也不如马上放下手机去做。,广西,,2023-09-19 02:23:00,0,True
19,不唯一，你还可以中彩票，还可以找个70岁的富婆继承遗产,湖南,男,2023-09-19 08:41:22,0,True
19,知道做不到等于不知道 命运不是靠一个视频改变的 如果你是善于改变的人 你生活里早就改变了 up主是很厉害 但不是你 每个人有自己的路要走 加油。,浙江,,2023-09-19 15:23:27,0,True
19,看大家的评论，其实你越想自律越自律不了。你都来看这个了你绝对是身体的弱者。我的建议是抛弃所有的一切，然后再重新拾起,浙江,,2023-09-19 00:38:34,0,True
19,如果我走的路周围没有人，一群人反对呢？开摆吧！其实开摆这个时代真的还挺舒服的,贵州,,2023-09-19 23:57:44,0,True
19,阶层不同，up 这个阶层说这样的话这本身是没什么问题。但up将自己阶层放大到别的阶层，这是否有点....经济基础决定上层建筑。看个乐得了。,山东,,2023-09-19 07:35:08,0,True
19,买推广买疯了？点了两次不感兴趣不想看还出现在我主页上,广西,女,2023-09-19 06:37:38,2,True
19,up谢谢你，你表达的意思我收到了，很感谢你出这个视频 能帮助不少人啊,天津,,2023-09-19 12:32:01,0,True
19,穷不是自律和奋斗可以改变的 你只在这一个平台,安徽,,2023-09-19 07:22:33,0,True
19,"笔记

1.极小的目标。 2. 强力的执行，mind over body。 3. 关注下一个小点。立足真实的赋能-感etc找到方法论。 4. 拥抱成就感 自夸 5. 奖励机制 

在完全看不到希望的时候如何坚持。战胜小欲望，度过无反馈。不关注坚持和成功的联系，而关注自身的进步。

心力，寻求，突破，扬弃旧自己。",辽宁,,2023-09-19 05:11:22,0,True
19,什么鬼东西，上来就是经典拉高自己说教，[辣眼睛]就你这种开头，纯纯就是贩卖焦虑的。举报了,广东,男,2023-09-19 06:44:09,5,True
19,如果一个人的心很乱，什么公式都不管用,黑龙江,,2023-09-19 11:46:32,0,True
19,学习这个从穷人变成富人的方式就是再把这个教给穷人😣,陕西,,2023-09-19 09:43:49,0,True
19,清醒的醉着,河南,,2023-09-19 01:10:32,0,True
19,这惊人的收藏量,河北,,2023-09-19 08:37:21,0,True
19,每天早八晚八，一个月不是太忙有2天假，忙起来一天假的没有。请问这该如何应对,广东,男,2023-09-19 11:23:38,0,True
19,认知人性，驾驭人性,山东,,2023-09-19 12:47:06,0,True
20,要是人人都自律了，那人人就变得不自律了,河南,男,2023-09-19 11:45:22,0,True
20,离谱，给所有人发钱等于没发钱是吧？,湖北,男,2023-09-19 11:46:33,1,False
20,我不配，划走了,云南,男,2023-09-17 21:08:32,0,True
20,[打call][打call][打call][打call]棒,四川,,2023-09-18 08:04:34,0,True
20,意志至上,云南,,2023-09-19 03:54:11,0,True
20,战胜自己的情绪爽感,河北,女,2023-09-19 07:16:44,0,True
20,真的，先做了再慢慢提高效率,广东,,2023-09-17 20:38:14,2,True
20,你的声音好像童年终结者[星星眼],辽宁,,2023-09-17 20:10:59,1,True
20,看标题还以为是诡秘之主神之途径,河北,男,2023-09-19 09:36:42,0,True
20,逆袭个屁，老实走好每一步就是逆袭,河南,男,2023-09-18 10:11:04,0,True
20,@AI课代表呀,江西,,2023-09-17 16:19:49,1,True
20,这么懒 你不可能做到自律的省省吧,广东,男,2023-09-19 12:29:27,0,False
20,要饭的,陕西,男,2023-09-19 09:43:11,0,True
20,很真实[doge][doge],辽宁,男,2023-09-17 23:42:36,1,True
20,想问下up主 之前排斥马讲的做事找到一个兴趣点  为啥今天讲的和他的差不多   是我理解不对吗？谁的粉丝也不是 只是为自己找方法的人！,河北,女,2023-09-17 19:18:08,3,True
20,一件事情是自己需要的，我是不关心是否有兴趣都会做,广西,男,2023-09-17 20:02:07,3,False
20,是兴趣点吗？不是找到一个问题一个目标吗？,广西,男,2023-09-17 19:50:59,1,False
20,凭借兴趣喜欢做不好事我已经重复无数次了,广西,男,2023-09-17 19:51:39,1,False
20,我也是头猪,浙江,,2023-09-19 18:38:53,0,True
20,"一百个穷人里面只有一个人稍微有点钱，
一万个穷人里面只有一个人能天天吃大餐，",广东,男,2023-09-19 08:20:00,0,True
20,自律很难，毕竟活着就很难了[大哭][大哭][大哭],辽宁,,2023-09-19 10:29:02,0,True
20,腿跑废没,江苏,,2023-09-21 23:27:26,1,True
20,还天天跑5公里吹牛逼,山东,男,2023-09-22 11:09:53,0,False
20,你这样自律还不如去入佛教修来生,湖北,,2023-09-20 10:06:31,0,True
20,不revolution永远没有出路,湖南,男,2023-09-19 06:30:40,0,True
20,立志用功，如种树然。,浙江,,2023-09-19 06:15:36,1,True
21,太对了 哥,河南,,2023-09-19 00:19:26,0,True
21,长期的自律，持续的热情，不断的学习，良好的个人形象，向梦想前进！,浙江,,2023-09-19 10:22:50,0,True
21,原来你被放出小黑屋了[热词系列_知识增加],重庆,,2023-09-19 07:42:20,0,True
21,@AI视频小助理,湖北,男,2023-09-17 20:38:39,0,True
21,不阳的人表示 还带口早,海南,女,2023-09-17 22:59:16,0,True
21,痛苦的时候就看看这个给自己洗脑[大哭]真的很痛苦,天津,,2023-09-18 23:04:07,0,True
21,过来人告诉你，每天五公里直接划走，不感兴趣，没毛病都能跑出毛病，如果坚持运动，泳泳和骑行可以，天天跑步费膝盖,安徽,男,2023-09-20 04:47:40,0,True
21,闭环应该是做出的事情可以有反馈，然后积极反馈从而进一步加强下一次完成目标的动力，博主想表达的更多是把大目标拆分成小目标更合适吧？或是说把目标拆分后，每一步完成从而促进下一步？,广东,,2023-09-18 23:37:08,1,True
21,有钱谈成功，没钱自律，你还以为是以前的年代啊，努力有用的话，那还要天才干嘛[妙啊],广西,男,2023-09-19 08:30:32,0,True
21,回复 @淡然的诗霖 :我说啥了，发这么大火。我这是以一种平和的态度交流的好吗?甚至带点无奈与讽刺，不努力难道靠躺平躺成功吗？现实中你也是这样吗。,四川,男,2023-09-21 20:25:36,0,False
21,回复 @落单小瓜皮 :我吃你家大米了？我想进来就进来关你屁事啊。,广西,男,2023-09-21 01:11:49,0,False
21,但你不努力还能干嘛，摆烂吗，希望摆烂成功?如果你想摆烂，为啥要点进来。,四川,男,2023-09-19 08:33:31,0,False
21,两年每天跑5到10公里，去你🐴的,山东,男,2023-09-22 11:10:22,0,True
21,好了 咬牙听完了，今日份自律已完成。,广东,,2023-09-19 07:14:49,0,True
21,我就是靠的大欲望[委屈],河南,,2023-09-17 15:50:26,0,True
21,就是眼高手低,浙江,,2023-09-21 11:14:27,0,True
21,讲了13：57，没有有用的。,江苏,男,2023-09-20 07:27:00,0,True
21,导师[打call][打call],福建,,2023-09-18 08:02:35,1,True
21,"《阴律无情》：“我继续问判官何谓非时，非地，非器？原来就算是正式夫妻，也要守这些戒律，不然也算犯了邪淫罪。非时，即在佛菩萨的诞生日，或每月的六斋日，及年三长斋月中，应禁戒不行房事。在这些日子，例如每月初一、初十、十五等等，四天王会巡视人间，记录善恶，再回天庭向玉帝报告。
非地，是夫妻的人伦应该适可而止，除夫妻床外，不能在其他地方行事，例如客厅、厨房、厕所、露天、佛前等等。
非器，除了生殖器外，夫妻在其它部位都不可行淫，否则都要下地狱受苦，受完地狱苦，还要投生做猪、狗、鸳鸯、蛇等等动物身。…”",湖北,,2023-09-19 05:48:27,1,False
21,qnmd,北京,,2023-09-20 09:21:24,0,True
21,自我安慰其实也是一种作用,广东,男,2023-09-19 00:35:52,0,True
21,喜欢干的事为什么不干呢？哪怕没那么挣钱，就短短几十年来这么折磨自己？,福建,,2023-09-20 10:40:43,0,True
21,那些什么大师，一节课什么38888的，进去几个了？,上海,男,2023-09-18 15:30:25,0,True
21,这种逆天也能有真的多粉丝啊,江苏,男,2023-09-21 03:33:39,0,True
22,这个思想确实能让你在某方面获得一定成就，说白了就是承认这个世界并不美好，而人要改变总要竞争，总要比较，你现在的状态是比别人牛，比别人厉害，超越别人，给自己一种成就感，这是一个阶段，刚开始改变的阶段也总是这样展开的，但是到了顶层，看了很多成功者，他们基本都是统一口径，超越昨天的自己，诸位晚安。,四川,男,2023-09-19 15:21:20,0,True
22,现在是15:28，显示7分钟前，这么早睡觉啊老铁[脱单doge][脱单doge][脱单doge],广东,,2023-09-19 15:29:17,0,False
22,拆解目标,四川,男,2023-09-20 19:53:25,0,True
22,不积跬步无以至千里,重庆,男,2023-09-19 00:38:59,0,True
22,不自律的人视频都看不玩[doge]，看完了更焦虑，然后继续摆烂[藏狐],四川,,2023-09-20 03:02:20,0,True
22,主播确实讲的好，给出了非常落地的方法。也就是说只要能处下从小事做起，大事也自然而成。但大多数人小的不愿做，大的做不了，最后一直精神内耗，导致死循环。感恩分享。,甘肃,,2023-09-20 19:30:59,0,True
22,很难得啦[笑哭],北京,,2023-09-18 14:09:18,0,True
22,qnmd,上海,男,2023-09-19 22:29:15,0,True
22,学习正念,黑龙江,,2023-09-18 12:57:24,0,True
22,我谢谢你啊,浙江,,2023-09-18 18:49:24,0,True
22,学什么都学不懂学得很失败，好痛苦😭😭,广东,,2023-09-19 12:19:32,0,True
22,很好！,海南,,2023-09-18 10:56:13,0,True
22,"复制 包年充电 不能看专属视频吗[大哭]
。
其他粉丝会不乐意
[吃瓜]
其他UP主那里见过了
都是在骂人的",浙江,男,2023-09-17 15:26:51,0,True
22,Atomic Habits,四川,,2023-09-17 19:11:26,0,True
22,阿婆🐷，我发一个视频来做一个验证吧大家可以看我的实践，基于这个阿婆🐷的理论，讲的很有道理,内蒙古,男,2023-09-18 22:50:27,0,True
22,扎心，四十一了,四川,,2023-09-17 22:13:12,0,True
22,@AI视频小助理 总结一下,浙江,,2023-09-17 16:50:37,0,True
22,回复 @靓仔你健身打卡了吗 : 好好打你的卡吧 别隔着比比来来 弟弟,浙江,,2023-09-19 12:38:09,0,False
22,回复 @靓仔你健身打卡了吗 : 绷,浙江,,2023-09-19 12:36:28,0,False
22,这么懒，你不可能做到自律的，省省吧。,广东,男,2023-09-19 12:30:11,0,False
22,贩卖焦虑？其实无所谓了，也不是摆烂，也不会去努力，反正就行尸走肉的活着，到那天死了就死了。下辈子不来就好。,广东,男,2023-09-19 09:23:45,0,True
22,"1.永远只关注小目标；
2.强制自己执行，在痛苦也要坚持，绝对不要被情绪所打败；
3.永远闭环，从小目标着手去做，不要关注过于宏大的东西，一定要完成；
4.提升自我效能得套路，不断学习精进，从而获得爽感成就感，才能让自己更好的坚持；
5.发现自己的厉害之处，不断夸自己给自己积极暗示和正反馈，参考马太效应；
6.达到成就后一定要奖励自己，形成正向的循环。
以上六步照做可以让我们不断的形成自律的习惯，情绪其实是我们最大的对手，一定要让自己持续努力，迎难而上，反人性，并且坚持，才能成功。",北京,男,2023-09-19 23:24:07,2,True
22,小目标》强压制情绪》小套路》强化虚荣》,江苏,,2023-09-19 08:54:29,0,True
22,说的就是我了,河南,男,2023-09-18 20:07:38,0,True
23,我特么一天六千字不也是个扑街,湖南,男,2023-09-17 17:52:12,0,True
23,我一天三千也是扑街,浙江,,2023-09-18 00:49:53,0,False
23,标题噱头拉满[嗑瓜子],河北,男,2023-09-19 08:32:54,0,True
23,老哥，你出的书我把红皮的看完了，那其它两本内容有很大区别吗？,吉林,,2023-09-18 19:22:51,1,True
23,层次不同,广西,男,2023-09-18 19:30:57,1,False
23,我反正白天上班，下班后时间也比较多，电脑做 就带坊，也有两千多,广西,,2023-09-19 12:44:25,1,False
23,包年充电 不能看专属视频吗[大哭],湖南,,2023-09-17 15:21:35,0,True
23,我现在就开始讨厌现在的自己了 我讨厌现在的自己一直只管自己舒服过日子,湖南,男,2023-09-19 10:05:03,0,True
23,羊驼 退钱,江苏,,2023-09-21 10:17:33,0,True
23,[2023],河南,男,2023-09-17 15:51:57,0,True
23,"这个世界向来都是话好说，事难做
谁不懂这些道理呢？难在如何去执行，落实，坚持到底
连每天坚持洗漱这样的事情都有人无法做到，长年不刷牙，这样的人给他讲道理真的有用吗？
up第一句话就给人很不好的感觉，上来便说自己的内容高端属实有些自卖自夸了",四川,男,2023-09-19 00:38:51,0,True
23,凡是需要自己努力的事，都是违心的，强迫的 需要的是转换观念，把不喜欢的事变成喜欢的事,山东,女,2023-09-23 10:25:42,0,True
23,取关了无数次 自己没有耐心 但每次听到一半 就又关注回来  我怀疑你每次都能骗到我的币,广东,男,2023-09-20 12:53:03,0,True
23,三连了，感谢提醒,广西,男,2023-09-17 18:59:37,0,True
23,常年不运动的人可以先从走路开始,浙江,男,2023-09-19 08:52:51,2,True
23,好看爱看[doge],四川,,2023-09-17 17:32:46,0,True
23,一律啥都是假的，所谓的自律就是一种习惯。,广东,,2023-09-24 04:21:36,0,True
23,光靠自律就能成功，那那头驴早就成功了[妙啊][妙啊],上海,男,2023-09-21 08:08:15,1,True
23,老老实实当穷人吧，因为它们是不会让你富有的,福建,,2023-09-19 19:48:00,1,True
23,活成自我，因人而异。[doge],江苏,,2023-09-24 00:39:45,0,True
23,对绝大部分人都没有用 这是人性 约束天性 没啥大用,新疆,男,2023-09-23 21:43:23,0,True
23,上士闻道，勤而行之，中士闻道，若存若亡，下士闻道，大笑之，不笑不足以为道,山东,,2023-09-20 20:51:27,1,True
23,看这个视频 我都感觉我那么多宏大目标达不到,西藏,,2023-09-19 19:46:48,1,True
24,可以分享那每天背诵的五个句子吗？我想飘走300句,广东,,2023-09-19 20:50:18,1,True
24,讲的很好，快更新 [doge],广东,,2023-09-17 16:50:33,0,True
24,能不能一实际案例出发，比如考研、考公,贵州,,2023-09-18 08:11:54,0,True
24,这都不能举一反三，考研还有什么用,北京,,2023-09-18 08:33:02,2,False
24,这些要是能回复的上有效措施，就不算营销书了,陕西,,2023-09-19 15:35:03,1,False
24,现在好多研究生在送外卖，内卷,重庆,,2023-09-19 05:04:03,1,False
24,赞同,江苏,,2023-09-21 21:25:30,0,True
24,闹麻了,陕西,男,2023-09-19 14:51:29,0,True
24,人活一辈子，怎么过是你自己的事,河北,男,2023-09-20 17:57:26,0,True
24,废话真多~,山西,,2023-09-19 09:32:38,0,True
24,对对对都卷起来，这样就没人看到我躺着了[doge],广东,,2023-09-20 12:21:59,0,True
24,评论区说跑步废膝盖的，要么是你没跑过，要么是你姿势有问题，别怪在坚持跑步上好嘛，不懂装懂很搞笑,贵州,男,2023-09-19 08:46:01,0,True
24,道理越多，执行力越弱,广东,,2023-09-19 21:27:29,0,True
24,哪有好人天天跑步的 你看看不管是不是专业运动员有没有一个这么做，你就不懂跑步，视频就不用看了，要么瞎吹，要么洗稿赚流量，你真该死啊,上海,男,2023-09-19 03:01:12,2,True
24,这是一个双赢视频，up有了流量看的人可以满足他奇怪的幻想,广东,男,2023-09-19 20:55:07,0,True
24,其实，那个万能公式真的是老生常谈了，一万个自律视频都是这样的内容，最关键的，就在于公式的第二点，所谓心力，这是一个很抽象很模糊的东西，也是极其难以掌握的东西， OK，收拾一下桌面是一件很简单的事情，但是要你立刻放在手机的有趣内容，立马去做，又有多少人随时随地百分百能做得到呢？真正的精华是后面的那一段话，自律不是通向成功的道路，而是一种生活态度，是一种习惯的养成。,云南,男,2023-09-20 23:15:27,0,True
24,建议标题改一下：你穷是因为你不自律[疑惑],北京,,2023-09-19 12:40:29,5,True
24,不能懒惰，我除了白天上班，晚上也不敢懒，电脑做 富常银库，也能增加二千多,广东,,2023-09-19 11:15:15,0,True
24,别搁这打你的破广告了，笑死人[偷笑],广东,男,2023-09-19 12:28:06,0,False
24,哈哈 刚刚又充了一发 现在浑身无力,广东,,2023-09-19 08:09:03,2,True
24,手柄,甘肃,男,2023-09-19 08:14:17,1,False
24,不想压制,广东,,2023-09-19 19:46:01,0,True
24,什么废话,湖南,,2023-09-19 13:38:52,1,True
24,栓q,吉林,,2023-09-19 15:25:30,0,True
24,看了多少书？谈自律,湖南,,2023-09-21 06:54:32,0,True
25,@AI视频小助理 试一下概括视频内容,广东,男,2023-09-19 20:26:33,0,True
25,笑死！b站李某人嘛？多少年工资没涨是不是应该反省一下自己够不够自律？怎么还有人把这种割韭菜卖课的话 当金科玉律呢！？,日本,女,2023-09-19 20:42:28,0,True
25,呵呵,山东,,2023-09-21 09:10:19,0,True
25,傻叉,安徽,,2023-09-20 12:52:30,0,True
25,资瓷,山东,男,2023-09-21 00:55:13,0,False
25,拉倒吧，鸡汤都喝吐了,黑龙江,,2023-09-19 21:24:19,0,True
25,死掉不就行了,广东,,2023-09-19 11:00:27,0,True
25,啥玩意,浙江,女,2023-09-19 09:36:57,0,True
